-- --------------------------------------------------------
-- Host:                         127.0.0.1
-- Server version:               10.1.10-MariaDB - mariadb.org binary distribution
-- Server OS:                    Win32
-- HeidiSQL Version:             9.3.0.4984
-- --------------------------------------------------------

/*!40101 SET @OLD_CHARACTER_SET_CLIENT=@@CHARACTER_SET_CLIENT */;
/*!40101 SET NAMES utf8mb4 */;
/*!40014 SET @OLD_FOREIGN_KEY_CHECKS=@@FOREIGN_KEY_CHECKS, FOREIGN_KEY_CHECKS=0 */;
/*!40101 SET @OLD_SQL_MODE=@@SQL_MODE, SQL_MODE='NO_AUTO_VALUE_ON_ZERO' */;

-- Dumping database structure for personalinfo
CREATE DATABASE IF NOT EXISTS `personalinfo` /*!40100 DEFAULT CHARACTER SET latin1 COLLATE latin1_general_ci */;
USE `personalinfo`;


-- Dumping structure for table personalinfo.answer
CREATE TABLE IF NOT EXISTS `answer` (
  `id` int(11) NOT NULL AUTO_INCREMENT,
  `qusId` int(11) DEFAULT NULL,
  `Date` datetime NOT NULL,
  `Answers` varchar(50) NOT NULL,
  PRIMARY KEY (`id`),
  KEY `FK__question` (`qusId`),
  CONSTRAINT `FK__question` FOREIGN KEY (`qusId`) REFERENCES `question` (`qusId`)
) ENGINE=InnoDB AUTO_INCREMENT=143 DEFAULT CHARSET=latin1;

-- Dumping data for table personalinfo.answer: ~46 rows (approximately)
DELETE FROM `answer`;
/*!40000 ALTER TABLE `answer` DISABLE KEYS */;
INSERT INTO `answer` (`id`, `qusId`, `Date`, `Answers`) VALUES
	(1, 1, '2016-05-03 10:29:23', 'ode.js is a platform built on Chrome\'s JavaScript '),
	(2, 1, '2016-05-02 14:55:36', 'In software development, Node.js is an open-source'),
	(3, 2, '2016-05-02 15:56:40', 'AngularJS directives are extended HTML attributes '),
	(4, 2, '2016-05-02 17:45:12', 'AngularJS lets you extend HTML with new attributes'),
	(27, 1, '2016-05-03 15:22:12', 'Node is a one of the sever side scripting language'),
	(28, 1, '2016-05-03 15:23:23', 'In software development, Node.js is an open-source'),
	(59, 11, '2016-05-05 16:44:13', 's'),
	(60, 2, '2016-05-05 18:05:32', 'AngularJS lets you extend HTML with new attributes'),
	(61, 2, '2016-05-05 18:05:39', 'AngularJS lets you extend HTML with new attributes'),
	(62, 2, '2016-05-05 18:05:43', 'AngularJS lets you extend HTML with new attributes'),
	(63, 2, '2016-05-05 18:05:48', 'AngularJS lets you extend HTML with new attributes'),
	(64, 2, '2016-05-05 18:05:53', 'AngularJS lets you extend HTML with new attributes'),
	(65, 2, '2016-05-05 18:05:57', 'AngularJS lets you extend HTML with new attributes'),
	(66, 2, '2016-05-05 18:06:05', 'AngularJS lets you extend HTML with new attributes'),
	(67, 2, '2016-05-05 18:06:11', 'AngularJS lets you extend HTML with new attributes'),
	(68, 2, '2016-05-05 18:06:16', 'AngularJS lets you extend HTML with new attributes'),
	(69, 2, '2016-05-05 18:06:35', 'AngularJS lets you extend HTML with new attributes'),
	(70, 2, '2016-05-05 18:06:52', 'AngularJS lets you extend HTML with new attributes'),
	(71, 11, '2016-05-05 18:09:32', ''),
	(72, 11, '2016-05-05 18:22:03', 'xcvxc'),
	(73, 6, '2016-05-05 18:22:14', 'cvvvvvvvvvvvvvv'),
	(74, 11, '2016-05-05 18:23:12', 'cvbc'),
	(75, 11, '2016-05-05 18:47:45', 'zxczx'),
	(76, 11, '2016-05-05 18:48:28', ''),
	(77, 11, '2016-05-06 10:51:54', 'helo'),
	(87, 1, '2016-05-06 15:51:24', '2016-05-02 00:00:00,hi'),
	(88, 1, '2016-05-06 15:52:48', 'hi'),
	(89, 1, '2016-05-06 15:54:21', 'hi'),
	(90, 1, '2016-05-06 15:56:14', 'hi'),
	(91, 1, '2016-05-06 15:57:01', 'hi'),
	(92, 1, '2016-05-06 15:58:04', 'hi'),
	(93, 1, '2016-05-06 16:01:02', 'hi'),
	(94, 1, '2016-05-06 16:01:28', 'hi'),
	(95, 1, '2016-05-06 16:06:59', 'hi'),
	(96, 1, '2016-05-06 16:08:04', 'hi'),
	(97, 1, '2016-05-06 16:09:12', 'hi'),
	(98, 1, '2016-05-06 16:12:01', 'hi'),
	(99, 1, '2016-05-06 16:12:19', 'hi'),
	(100, 1, '2016-05-06 16:13:58', 'hi'),
	(101, 1, '2016-05-06 16:15:14', 'hi'),
	(102, 1, '2016-05-06 16:16:48', 'hi'),
	(103, 1, '2016-05-06 16:19:46', 'hi'),
	(104, 1, '2016-05-06 16:23:20', 'hi'),
	(105, 1, '2016-05-07 11:50:34', 'hi'),
	(106, 1, '2016-05-07 11:50:47', 'hi'),
	(107, 1, '2016-05-07 12:14:16', 'hi'),
	(138, 4, '2016-05-26 16:29:17', 'hi..'),
	(139, 40, '2016-05-26 16:30:11', 'sfrds'),
	(140, 40, '2016-05-26 16:34:38', 'sds'),
	(141, 40, '2016-05-26 16:35:22', 'asa'),
	(142, 40, '2016-05-26 16:43:41', 'dsfs');
/*!40000 ALTER TABLE `answer` ENABLE KEYS */;


-- Dumping structure for table personalinfo.personaldata
CREATE TABLE IF NOT EXISTS `personaldata` (
  `id` bigint(20) NOT NULL AUTO_INCREMENT,
  `facebook_id` bigint(50) DEFAULT NULL,
  `facebook_token` varchar(255) COLLATE latin1_general_ci DEFAULT NULL,
  `google_id` varchar(50) COLLATE latin1_general_ci DEFAULT NULL,
  `google_token` varchar(50) COLLATE latin1_general_ci DEFAULT NULL,
  `userid` varchar(50) COLLATE latin1_general_ci DEFAULT NULL,
  `password` varchar(50) COLLATE latin1_general_ci DEFAULT NULL,
  `userType` varchar(50) COLLATE latin1_general_ci DEFAULT NULL,
  `fname` varchar(50) COLLATE latin1_general_ci DEFAULT NULL,
  `mname` varchar(50) COLLATE latin1_general_ci DEFAULT NULL,
  `lname` varchar(50) COLLATE latin1_general_ci DEFAULT NULL,
  `email` varchar(50) COLLATE latin1_general_ci DEFAULT NULL,
  `fb_fname` varchar(50) COLLATE latin1_general_ci DEFAULT NULL,
  `fb_mname` varchar(50) COLLATE latin1_general_ci DEFAULT NULL,
  `fb_lname` varchar(50) COLLATE latin1_general_ci DEFAULT NULL,
  `fb_email` varchar(50) COLLATE latin1_general_ci DEFAULT NULL,
  `g_fname` varchar(50) COLLATE latin1_general_ci DEFAULT NULL,
  `g_mname` varchar(50) COLLATE latin1_general_ci DEFAULT NULL,
  `g_lname` varchar(50) COLLATE latin1_general_ci DEFAULT NULL,
  `g_email` varchar(50) COLLATE latin1_general_ci DEFAULT NULL,
  `contact` bigint(20) DEFAULT NULL,
  `address` varchar(255) COLLATE latin1_general_ci DEFAULT NULL,
  `college` varchar(100) COLLATE latin1_general_ci DEFAULT NULL,
  `course` varchar(100) COLLATE latin1_general_ci DEFAULT NULL,
  `branch` varchar(100) COLLATE latin1_general_ci DEFAULT NULL,
  `year` year(4) DEFAULT NULL,
  `project_fee` bigint(20) DEFAULT NULL,
  `fees_paid` bigint(20) DEFAULT NULL,
  `fees_balance` bigint(20) DEFAULT NULL,
  `createdDate` date DEFAULT NULL,
  `deletedDate` date DEFAULT NULL,
  `status` varchar(50) COLLATE latin1_general_ci DEFAULT NULL,
  `profile_pic` varchar(50) COLLATE latin1_general_ci DEFAULT NULL,
  `facebook_img` varchar(50) COLLATE latin1_general_ci DEFAULT NULL,
  `google_img` varchar(50) COLLATE latin1_general_ci DEFAULT NULL,
  PRIMARY KEY (`id`)
) ENGINE=MyISAM AUTO_INCREMENT=161 DEFAULT CHARSET=latin1 COLLATE=latin1_general_ci;

-- Dumping data for table personalinfo.personaldata: 153 rows
DELETE FROM `personaldata`;
/*!40000 ALTER TABLE `personaldata` DISABLE KEYS */;
INSERT INTO `personaldata` (`id`, `facebook_id`, `facebook_token`, `google_id`, `google_token`, `userid`, `password`, `userType`, `fname`, `mname`, `lname`, `email`, `fb_fname`, `fb_mname`, `fb_lname`, `fb_email`, `g_fname`, `g_mname`, `g_lname`, `g_email`, `contact`, `address`, `college`, `course`, `branch`, `year`, `project_fee`, `fees_paid`, `fees_balance`, `createdDate`, `deletedDate`, `status`, `profile_pic`, `facebook_img`, `google_img`) VALUES
	(1, NULL, NULL, NULL, NULL, 'CBE001', 'Janani@1', 'user', 'Janani', NULL, 'M', 'csejananim@gmail.com', NULL, NULL, NULL, NULL, NULL, NULL, NULL, NULL, 9443887438, 'Dharmapuri', 'VCTW', 'BE', 'CSE', '2014', 8000, 5000, 3000, '2016-05-06', '2016-05-07', 'Move to trash', 'file-sample1.jpg', NULL, NULL),
	(2, NULL, NULL, NULL, NULL, 'CBE002', 'Sugumar@2', 'user', 'Sugumar', NULL, 'Thiruselvan', 'sugumar@gmail.com', NULL, NULL, NULL, NULL, NULL, NULL, NULL, NULL, 1234567890, 'Madurai', 'PSG', 'BSC', 'Maths', '2016', 1000, 6000, 4000, '2016-05-06', '2016-05-10', 'Move to trash', NULL, NULL, NULL),
	(4, 884784281631541, 'EAAT4vmqn0pMBADWZBxheWdRbkze3lkMZCW8R4lxvfPqOkBe5nfLTa3eQvw5ZBk0OMfYmruFNZA1lsAtZAp7o3IcQIstvwIYgoFNaLs5LtsZBMv97p9bRItLuK0HXybnxTsi3xTfALHlKAnkVVj3CpuZBX3R6wBOxgkZD', NULL, NULL, 'CBE001', 'Janani@1', 'user', 'Janani', NULL, 'M', 'csejananim@gmail.com', 'Janani Manoharan', NULL, NULL, 'csejananim@gmail.com', NULL, NULL, NULL, NULL, 9443887438, 'Dharmapuri', 'VCTW', 'BE', 'CSE', '2014', 8000, 5000, 3000, '2016-05-07', '2016-05-07', 'Move to trash', 'file-sample1.jpg', NULL, NULL),
	(5, 884784281631541, 'EAAT4vmqn0pMBADWZBxheWdRbkze3lkMZCW8R4lxvfPqOkBe5nfLTa3eQvw5ZBk0OMfYmruFNZA1lsAtZAp7o3IcQIstvwIYgoFNaLs5LtsZBMv97p9bRItLuK0HXybnxTsi3xTfALHlKAnkVVj3CpuZBX3R6wBOxgkZD', NULL, NULL, 'CBE001', 'Janani@1', 'user', 'Janani', NULL, 'M', 'csejananim@gmail.com', 'Janani Manoharan', NULL, NULL, 'csejananim@gmail.com', NULL, NULL, NULL, NULL, 9443887438, 'Dharmapuri', 'VCTW', 'BE', 'CSE', '2014', 8000, 5000, 3000, '2016-05-07', '2016-05-07', 'Move to trash', 'file-sample1.jpg', 'file-884784281631541.jpg', NULL),
	(7, NULL, NULL, NULL, NULL, 'ADMIN001', 'Admin@001', 'admin', NULL, NULL, NULL, NULL, NULL, NULL, NULL, NULL, NULL, NULL, NULL, NULL, NULL, NULL, NULL, NULL, NULL, NULL, NULL, NULL, NULL, '2016-05-07', NULL, 'active', NULL, NULL, NULL),
	(8, 884784281631541, 'EAAT4vmqn0pMBADWZBxheWdRbkze3lkMZCW8R4lxvfPqOkBe5nfLTa3eQvw5ZBk0OMfYmruFNZA1lsAtZAp7o3IcQIstvwIYgoFNaLs5LtsZBMv97p9bRItLuK0HXybnxTsi3xTfALHlKAnkVVj3CpuZBX3R6wBOxgkZD', '113827080912987529340', 'ya29.CjbbAo1rHH6b_5fhWHnAyFsva99NLNtx9NCvHSgmq3uL4', 'CBE001', 'Janani@1', 'user', 'Janani', NULL, 'M', 'csejananim@gmail.com', 'Janani Manoharan', NULL, NULL, 'csejananim@gmail.com', 'janani', NULL, 'm', 'csejananim@gmail.com', 9443887438, 'Dharmapuri', 'VCTW', 'BE', 'CSE', '2014', 8000, 5000, 3000, '2016-05-07', '2016-05-07', 'Move to trash', 'file-sample1.jpg', 'file-884784281631541.jpg', NULL),
	(9, 884784281631541, 'EAAT4vmqn0pMBADWZBxheWdRbkze3lkMZCW8R4lxvfPqOkBe5nfLTa3eQvw5ZBk0OMfYmruFNZA1lsAtZAp7o3IcQIstvwIYgoFNaLs5LtsZBMv97p9bRItLuK0HXybnxTsi3xTfALHlKAnkVVj3CpuZBX3R6wBOxgkZD', '113827080912987529340', 'ya29.CjbbAo1rHH6b_5fhWHnAyFsva99NLNtx9NCvHSgmq3uL4', 'CBE001', 'Janani@1', 'user', 'Janani', NULL, 'M', 'csejananim@gmail.com', 'Janani Manoharan', NULL, NULL, 'csejananim@gmail.com', 'janani', NULL, 'm', 'csejananim@gmail.com', 9443887438, 'Dharmapuri', 'VCTW', 'BE', 'CSE', '2014', 8000, 5000, 3000, '2016-05-07', '2016-05-09', 'Move to trash', 'file-sample1.jpg', 'file-884784281631541.jpg', 'file-113827080912987529340.jpg'),
	(10, 1005866479462198, 'EAAT4vmqn0pMBAKzOKt7bnwqV1Cg3HsmhvF6kZCppOFV2yAZBeI6cZA3U1XyMEJupnM6Sa5qqgYhVHEW4WPqPvZB7ZBK59DlYcPZCwl1aKwz4QP1FPMlSuZBF0zp2Iz4V4VVyZARIOpTC6UXZB6be0yml4ZBt4RZBbLUwwIZD', NULL, NULL, NULL, NULL, 'user', NULL, NULL, NULL, NULL, 'Sasi Kumar', NULL, NULL, 'sasikumar017@gmail.com', NULL, NULL, NULL, NULL, NULL, NULL, NULL, NULL, NULL, NULL, NULL, NULL, NULL, '2016-05-07', '2016-05-07', 'Move to trash', NULL, NULL, NULL),
	(11, 1005866479462198, 'EAAT4vmqn0pMBAKzOKt7bnwqV1Cg3HsmhvF6kZCppOFV2yAZBeI6cZA3U1XyMEJupnM6Sa5qqgYhVHEW4WPqPvZB7ZBK59DlYcPZCwl1aKwz4QP1FPMlSuZBF0zp2Iz4V4VVyZARIOpTC6UXZB6be0yml4ZBt4RZBbLUwwIZD', NULL, NULL, NULL, NULL, 'user', NULL, NULL, NULL, NULL, 'Sasi Kumar', NULL, NULL, 'sasikumar017@gmail.com', NULL, NULL, NULL, NULL, NULL, NULL, NULL, NULL, NULL, NULL, NULL, NULL, NULL, '2016-05-07', '2016-05-07', 'Move to trash', NULL, 'file-1005866479462198.jpg', NULL),
	(12, 1005866479462198, 'EAAT4vmqn0pMBACBI71ma247WR3HuHQKTJ5sb5RnRU98D5TZCmFQkAWeCvKEsDQYGYoXR3tlU9WfJzB0cNmxgm6uvERPAOJE5XnZAcb43ov1SJzyS53ZB8zNb9sE9NBxP1SywsqUuadHW5vZCVj0g7v7bLZCNcstUZD', NULL, NULL, NULL, NULL, NULL, NULL, NULL, NULL, NULL, 'Sasi Kumar', NULL, NULL, 'sasikumar017@gmail.com', NULL, NULL, NULL, NULL, NULL, NULL, NULL, NULL, NULL, NULL, NULL, NULL, NULL, '2016-05-07', '2016-05-07', 'Move to trash', NULL, NULL, NULL),
	(13, 1005866479462198, 'EAAT4vmqn0pMBACBI71ma247WR3HuHQKTJ5sb5RnRU98D5TZCmFQkAWeCvKEsDQYGYoXR3tlU9WfJzB0cNmxgm6uvERPAOJE5XnZAcb43ov1SJzyS53ZB8zNb9sE9NBxP1SywsqUuadHW5vZCVj0g7v7bLZCNcstUZD', NULL, NULL, NULL, NULL, NULL, NULL, NULL, NULL, NULL, 'Sasi Kumar', NULL, NULL, 'sasikumar017@gmail.com', NULL, NULL, NULL, NULL, NULL, NULL, NULL, NULL, NULL, NULL, NULL, NULL, NULL, '2016-05-07', '2016-05-07', 'Move to trash', NULL, 'file-1005866479462198.jpg', NULL),
	(14, 1005866479462198, 'EAAT4vmqn0pMBACeAwoqeBhZBDzZADpVT7YpxTZBPOmQrG3ki8gKTudLtb014ZAe5tRibjhRpxGFruO5ZB1XmH4CI4tRpYT5oCHlElkDS9qekAVv59LPcls3jMkbSPyvwx6vOyjVyTNUCRcZCbWB9lx8YnzrTimDVgZD', NULL, NULL, NULL, NULL, NULL, NULL, NULL, NULL, NULL, 'Sasi Kumar', NULL, NULL, 'sasikumar017@gmail.com', NULL, NULL, NULL, NULL, NULL, NULL, NULL, NULL, NULL, NULL, NULL, NULL, NULL, '2016-05-07', '2016-05-07', 'Move to trash', NULL, NULL, NULL),
	(15, 1005866479462198, 'EAAT4vmqn0pMBACeAwoqeBhZBDzZADpVT7YpxTZBPOmQrG3ki8gKTudLtb014ZAe5tRibjhRpxGFruO5ZB1XmH4CI4tRpYT5oCHlElkDS9qekAVv59LPcls3jMkbSPyvwx6vOyjVyTNUCRcZCbWB9lx8YnzrTimDVgZD', NULL, NULL, NULL, NULL, NULL, NULL, NULL, NULL, NULL, 'Sasi Kumar', NULL, NULL, 'sasikumar017@gmail.com', NULL, NULL, NULL, NULL, NULL, NULL, NULL, NULL, NULL, NULL, NULL, NULL, NULL, '2016-05-07', '2016-05-07', 'Move to trash', NULL, 'file-1005866479462198.jpg', NULL),
	(16, 1005866479462198, 'EAAT4vmqn0pMBAEMCA4jUlmSLMuo2kmhh7VFurQvzNmmlJ84czhcRMYKnWHIsGrqC6M1zEtPTAjF6Bz0pTMSwu2KFmXESL0WBKTR6jKQ8r5Qxw4rQttZB96eFkSNmfHdwmPFAjj4cUZAxMC0vkpA9vrZBjaxtqwZD', NULL, NULL, NULL, NULL, NULL, NULL, NULL, NULL, NULL, 'Sasi Kumar', NULL, NULL, 'sasikumar017@gmail.com', NULL, NULL, NULL, NULL, NULL, NULL, NULL, NULL, NULL, NULL, NULL, NULL, NULL, '2016-05-07', '2016-05-07', 'Move to trash', NULL, NULL, NULL),
	(17, 1005866479462198, 'EAAT4vmqn0pMBAEMCA4jUlmSLMuo2kmhh7VFurQvzNmmlJ84czhcRMYKnWHIsGrqC6M1zEtPTAjF6Bz0pTMSwu2KFmXESL0WBKTR6jKQ8r5Qxw4rQttZB96eFkSNmfHdwmPFAjj4cUZAxMC0vkpA9vrZBjaxtqwZD', NULL, NULL, NULL, NULL, 'user', NULL, NULL, NULL, NULL, 'Sasi Kumar', NULL, NULL, 'sasikumar017@gmail.com', NULL, NULL, NULL, NULL, NULL, NULL, NULL, NULL, NULL, NULL, NULL, NULL, NULL, '2016-05-07', NULL, 'active', NULL, 'file-1005866479462198.jpg', NULL),
	(18, 884784281631541, 'EAAT4vmqn0pMBAGWgB60YHv3lmKDIN3nHnVCGkQyPaLkhfsnZBEZAMZBIZC5HhBMmGCNN0Kfg1UwhKUObqmWHPxvZCxhQiRKd0VvO5VZARnL0stJjC7itypT5ubN6nNFWMMpCC6lbQNmln3qancXBwo47MMcSSN8qMZD', NULL, NULL, NULL, NULL, NULL, NULL, NULL, NULL, NULL, 'Janani Manoharan', NULL, NULL, 'csejananim@gmail.com', NULL, NULL, NULL, NULL, NULL, NULL, NULL, NULL, NULL, NULL, NULL, NULL, NULL, '2016-05-09', '2016-05-09', 'Move to trash', NULL, NULL, NULL),
	(20, 884784281631541, 'EAAT4vmqn0pMBANWRPprcy1fMUO2DkBmQv9KYGRRTt0AyyFxe6jiIvEyBdgNzn6D0pcpAv3NaFaKetm8jQZBSf8SofEGWTpnIb9ZCM66OUTA24PTrDdoTf6SXHmejrCU4VCmaQbtP3DI6bVErN2wCqnn1GQzpIZD', NULL, NULL, NULL, NULL, NULL, NULL, NULL, NULL, NULL, 'Janani Manoharan', NULL, NULL, 'csejananim@gmail.com', NULL, NULL, NULL, NULL, NULL, NULL, NULL, NULL, NULL, NULL, NULL, NULL, NULL, '2016-05-09', '2016-05-09', 'Move to trash', NULL, NULL, NULL),
	(22, 884784281631541, 'EAAT4vmqn0pMBAH4hn5gt5vyQGK8GHrr91Q1kOYToViZAkMIR3DaH9fJFkHQJJ6bRunRnvZB3Fhst1jgcpLqxyMZCZAE4Rpdv8xEboKYxwQ9sexnxLwN6yXPnbDBBzf7xeBFEqfIFhwoyxy1y1XMJkSImLGGZBIFEZD', NULL, NULL, NULL, NULL, NULL, NULL, NULL, NULL, NULL, 'Janani Manoharan', NULL, NULL, 'csejananim@gmail.com', NULL, NULL, NULL, NULL, NULL, NULL, NULL, NULL, NULL, NULL, NULL, NULL, NULL, '2016-05-09', '2016-05-09', 'Move to trash', NULL, NULL, NULL),
	(24, 884784281631541, 'EAAT4vmqn0pMBAFRRCkro9eruN9NHJkwA7yPBB0nKnxJCjIbw9uYGa2HSvGJLZC415Nuwxn7K8EnRqcFpecByZC4yqzb1RIQyWwsU1dLtLphBkZAzPzxijSSk8ZANuZAm1B4n8ZCYrvHmByUqIIdYKI7KSDx3AFwjgZD', NULL, NULL, NULL, NULL, NULL, NULL, NULL, NULL, NULL, 'Janani Manoharan', NULL, NULL, 'csejananim@gmail.com', NULL, NULL, NULL, NULL, NULL, NULL, NULL, NULL, NULL, NULL, NULL, NULL, NULL, '2016-05-09', '2016-05-09', 'Move to trash', NULL, NULL, NULL),
	(26, 884784281631541, 'EAAT4vmqn0pMBAHq6cCbLmrRqwnmLOfJ0YE6KTyvJRCZABZAp7ZAhLNV0awzXOnNTMKXgrjfPR9NwGZBdmo86st3ZBQ2ZCFDIZC8nLo03EHsCWost8XM7jMJ0CmGb8HZAAZBqZChNaZCkDjyXls9bXjmak1PkP4RfjItbn0ZD', '113827080912987529340', 'ya29.CjbbAo1rHH6b_5fhWHnAyFsva99NLNtx9NCvHSgmq3uL4', 'CBE001', 'Janani@1', 'user', 'Janani', NULL, 'M', 'csejananim@gmail.com', 'Janani Manoharan', NULL, NULL, 'csejananim@gmail.com', 'janani', NULL, 'm', 'csejananim@gmail.com', 9443887438, 'Dharmapuri', 'VCTW', 'BE', 'CSE', '2014', 8000, 5000, 3000, '2016-05-09', '2016-05-09', 'Move to trash', 'file-sample1.jpg', 'file-884784281631541.jpg', 'file-113827080912987529340.jpg'),
	(27, 884784281631541, 'EAAT4vmqn0pMBAHq6cCbLmrRqwnmLOfJ0YE6KTyvJRCZABZAp7ZAhLNV0awzXOnNTMKXgrjfPR9NwGZBdmo86st3ZBQ2ZCFDIZC8nLo03EHsCWost8XM7jMJ0CmGb8HZAAZBqZChNaZCkDjyXls9bXjmak1PkP4RfjItbn0ZD', '113827080912987529340', 'ya29.CjbbAo1rHH6b_5fhWHnAyFsva99NLNtx9NCvHSgmq3uL4', 'CBE001', 'Janani@1', 'user', 'Janani', NULL, 'M', 'csejananim@gmail.com', 'Janani Manoharan', NULL, NULL, 'csejananim@gmail.com', 'janani', NULL, 'm', 'csejananim@gmail.com', 9443887438, 'Dharmapuri', 'VCTW', 'BE', 'CSE', '2014', 8000, 5000, 3000, '2016-05-09', '2016-05-09', 'Move to trash', 'file-sample1.jpg', 'file-884784281631541.jpg', 'file-113827080912987529340.jpg'),
	(28, 884784281631541, 'EAAT4vmqn0pMBAPNMspGpChYnCgz62FunO4RUp4AksYIVS1nZCKhAZAab26flaO4aF56j1SzQZAHW7ZAIBpjT6t8ZB5UPJMBxTIuw0GYgrDYMTrQZBa12xzocIRnruRnDZBe6GvjCy3m83IGNZBFLqhDqKV3d7Q1eulkZD', '113827080912987529340', 'ya29.CjbbAo1rHH6b_5fhWHnAyFsva99NLNtx9NCvHSgmq3uL4', 'CBE001', 'Janani@1', 'user', 'Janani', NULL, 'M', 'csejananim@gmail.com', 'Janani Manoharan', NULL, NULL, 'csejananim@gmail.com', 'janani', NULL, 'm', 'csejananim@gmail.com', 9443887438, 'Dharmapuri', 'VCTW', 'BE', 'CSE', '2014', 8000, 5000, 3000, '2016-05-09', '2016-05-09', 'Move to trash', 'file-sample1.jpg', 'file-884784281631541.jpg', 'file-113827080912987529340.jpg'),
	(29, 884784281631541, 'EAAT4vmqn0pMBAPNMspGpChYnCgz62FunO4RUp4AksYIVS1nZCKhAZAab26flaO4aF56j1SzQZAHW7ZAIBpjT6t8ZB5UPJMBxTIuw0GYgrDYMTrQZBa12xzocIRnruRnDZBe6GvjCy3m83IGNZBFLqhDqKV3d7Q1eulkZD', '113827080912987529340', 'ya29.CjbbAo1rHH6b_5fhWHnAyFsva99NLNtx9NCvHSgmq3uL4', 'CBE001', 'Janani@1', 'user', 'Janani', NULL, 'M', 'csejananim@gmail.com', 'Janani Manoharan', NULL, NULL, 'csejananim@gmail.com', 'janani', NULL, 'm', 'csejananim@gmail.com', 9443887438, 'Dharmapuri', 'VCTW', 'BE', 'CSE', '2014', 8000, 5000, 3000, '2016-05-09', '2016-05-09', 'Move to trash', 'file-sample1.jpg', 'file-884784281631541.jpg', 'file-113827080912987529340.jpg'),
	(30, 884784281631541, 'EAAT4vmqn0pMBAElz11QiNWMymYdw05hVblcxNYn9zeCGRY4pDxeQFiY3ClUytpMOuo0NTACvzQZA8LSaV3kxe1PdBwJ9WZBb6ZCKZCenETdHBpT1j1basP7apgqfktpdPzRTYiziaqB47o6xiUKtr4bZB9or64W0ZD', '113827080912987529340', 'ya29.CjbbAo1rHH6b_5fhWHnAyFsva99NLNtx9NCvHSgmq3uL4', 'CBE001', 'Janani@1', 'user', 'Janani', NULL, 'M', 'csejananim@gmail.com', 'Janani Manoharan', NULL, NULL, 'csejananim@gmail.com', 'janani', NULL, 'm', 'csejananim@gmail.com', 9443887438, 'Dharmapuri', 'VCTW', 'BE', 'CSE', '2014', 8000, 5000, 3000, '2016-05-09', '2016-05-09', 'Move to trash', 'file-sample1.jpg', 'file-884784281631541.jpg', 'file-113827080912987529340.jpg'),
	(31, 884784281631541, 'EAAT4vmqn0pMBAElz11QiNWMymYdw05hVblcxNYn9zeCGRY4pDxeQFiY3ClUytpMOuo0NTACvzQZA8LSaV3kxe1PdBwJ9WZBb6ZCKZCenETdHBpT1j1basP7apgqfktpdPzRTYiziaqB47o6xiUKtr4bZB9or64W0ZD', '113827080912987529340', 'ya29.CjbbAo1rHH6b_5fhWHnAyFsva99NLNtx9NCvHSgmq3uL4', 'CBE001', 'Janani@1', 'user', 'Janani', NULL, 'M', 'csejananim@gmail.com', 'Janani Manoharan', NULL, NULL, 'csejananim@gmail.com', 'janani', NULL, 'm', 'csejananim@gmail.com', 9443887438, 'Dharmapuri', 'VCTW', 'BE', 'CSE', '2014', 8000, 5000, 3000, '2016-05-09', '2016-05-09', 'Move to trash', 'file-sample1.jpg', 'file-884784281631541.jpg', 'file-113827080912987529340.jpg'),
	(32, 884784281631541, 'EAAT4vmqn0pMBAElz11QiNWMymYdw05hVblcxNYn9zeCGRY4pDxeQFiY3ClUytpMOuo0NTACvzQZA8LSaV3kxe1PdBwJ9WZBb6ZCKZCenETdHBpT1j1basP7apgqfktpdPzRTYiziaqB47o6xiUKtr4bZB9or64W0ZD', '113827080912987529340', 'ya29.CjfdAoKGToJ-Arz2CHXFtskU3of-5_rL3ujZrX91i2bZI', 'CBE001', 'Janani@1', 'user', 'Janani', NULL, 'M', 'csejananim@gmail.com', 'Janani Manoharan', NULL, NULL, 'csejananim@gmail.com', 'janani', NULL, 'm', 'csejananim@gmail.com', 9443887438, 'Dharmapuri', 'VCTW', 'BE', 'CSE', '2014', 8000, 5000, 3000, '2016-05-09', '2016-05-09', 'Move to trash', 'file-sample1.jpg', 'file-884784281631541.jpg', 'file-113827080912987529340.jpg'),
	(33, 884784281631541, 'EAAT4vmqn0pMBAElz11QiNWMymYdw05hVblcxNYn9zeCGRY4pDxeQFiY3ClUytpMOuo0NTACvzQZA8LSaV3kxe1PdBwJ9WZBb6ZCKZCenETdHBpT1j1basP7apgqfktpdPzRTYiziaqB47o6xiUKtr4bZB9or64W0ZD', '113827080912987529340', 'ya29.CjfdAoKGToJ-Arz2CHXFtskU3of-5_rL3ujZrX91i2bZI', 'CBE001', 'Janani@1', 'user', 'Janani', NULL, 'M', 'csejananim@gmail.com', 'Janani Manoharan', NULL, NULL, 'csejananim@gmail.com', 'janani', NULL, 'm', 'csejananim@gmail.com', 9443887438, 'Dharmapuri', 'VCTW', 'BE', 'CSE', '2014', 8000, 5000, 3000, '2016-05-09', '2016-05-10', 'Move to trash', 'file-sample1.jpg', 'file-884784281631541.jpg', 'file-113827080912987529340.jpg'),
	(34, NULL, NULL, '114692012773825263269', 'ya29.CjHdAjBqD8rn0Eo6_mdcLD0zcIK9rkuSdq9wzzi_ZaZld', NULL, NULL, 'user', NULL, NULL, NULL, NULL, NULL, NULL, NULL, NULL, 'Nithya', NULL, 'K', 'knithyabtech@gmail.com', NULL, NULL, NULL, NULL, NULL, NULL, NULL, NULL, NULL, '2016-05-09', '2016-05-09', 'Move to trash', NULL, NULL, NULL),
	(35, NULL, NULL, '114692012773825263269', 'ya29.CjHdAjBqD8rn0Eo6_mdcLD0zcIK9rkuSdq9wzzi_ZaZld', NULL, NULL, 'user', NULL, NULL, NULL, NULL, NULL, NULL, NULL, NULL, 'Nithya', NULL, 'K', 'knithyabtech@gmail.com', NULL, NULL, NULL, NULL, NULL, NULL, NULL, NULL, NULL, '2016-05-09', '2016-05-09', 'Move to trash', NULL, NULL, 'file-114692012773825263269.jpg'),
	(36, NULL, NULL, '114692012773825263269', 'ya29.CjbdAqBn6IXvi4FPqPLQ0NaMLsOGvLWn5GXVXkRAzQMQj', NULL, NULL, 'user', NULL, NULL, NULL, NULL, NULL, NULL, NULL, NULL, 'Nithya', NULL, 'K', 'knithyabtech@gmail.com', NULL, NULL, NULL, NULL, NULL, NULL, NULL, NULL, NULL, '2016-05-09', '2016-05-09', 'Move to trash', NULL, NULL, 'file-114692012773825263269.jpg'),
	(37, NULL, NULL, '114692012773825263269', 'ya29.CjbdAqBn6IXvi4FPqPLQ0NaMLsOGvLWn5GXVXkRAzQMQj', NULL, NULL, 'user', NULL, NULL, NULL, NULL, NULL, NULL, NULL, NULL, 'Nithya', NULL, 'K', 'knithyabtech@gmail.com', NULL, NULL, NULL, NULL, NULL, NULL, NULL, NULL, NULL, '2016-05-09', '2016-05-09', 'Move to trash', NULL, NULL, 'file-114692012773825263269.jpg'),
	(38, NULL, NULL, '114692012773825263269', 'ya29.CjbdAtCkVSPsWhydXq2h2qRafpOUC6mKNoBKHL8h5bsFy', NULL, NULL, 'user', NULL, NULL, NULL, NULL, NULL, NULL, NULL, NULL, 'Nithya', NULL, 'K', 'knithyabtech@gmail.com', NULL, NULL, NULL, NULL, NULL, NULL, NULL, NULL, NULL, '2016-05-09', '2016-05-09', 'Move to trash', NULL, NULL, 'file-114692012773825263269.jpg'),
	(39, NULL, NULL, '114692012773825263269', 'ya29.CjbdAtCkVSPsWhydXq2h2qRafpOUC6mKNoBKHL8h5bsFy', NULL, NULL, 'user', NULL, NULL, NULL, NULL, NULL, NULL, NULL, NULL, 'Nithya', NULL, 'K', 'knithyabtech@gmail.com', NULL, NULL, NULL, NULL, NULL, NULL, NULL, NULL, NULL, '2016-05-09', NULL, 'active', NULL, NULL, 'file-114692012773825263269.jpg'),
	(41, NULL, NULL, NULL, NULL, 'CBE002', 'Sugumar@2', 'user', 'Sugumar', NULL, 'Thiruselvan', 'sugumar@gmail.com', NULL, NULL, NULL, NULL, NULL, NULL, NULL, NULL, 1234567890, 'Madurai', 'PSG', 'BSC', 'Maths', '2016', 1000, 6000, 4000, '2016-05-10', '2016-05-10', 'Move to trash', NULL, NULL, NULL),
	(42, NULL, NULL, NULL, NULL, 'CBE002', 'Sugumar@2', 'user', 'Sugumar', NULL, 'Thiruselvan', 'sugumar@gmail.com', NULL, NULL, NULL, NULL, NULL, NULL, NULL, NULL, 1234567890, 'Madurai', 'PSG', 'BSC', 'Maths', '2016', 1000, 6000, 4000, '2016-05-10', '2016-05-10', 'Move to trash', NULL, NULL, NULL),
	(43, NULL, NULL, NULL, NULL, 'CBE002', 'Sugumar@2', 'user', 'Sugumar', NULL, 'Thiruselvan', 'sugumar@gmail.com', NULL, NULL, NULL, NULL, NULL, NULL, NULL, NULL, 1234567890, 'Madurai', 'PSG', 'BSC', 'Maths', '2016', 1000, 6000, 4000, '2016-05-10', '2016-05-12', 'Move to trash', 'file-image1.jpg', NULL, NULL),
	(44, 884784281631541, 'EAAT4vmqn0pMBAF5uVq7VBj8hCgEkpBRacC1MeEYHHioRnAu7UFRgfNZAkl1nhv7VJbdS8jYo0AtM4z4PuB3ZA2CLa0T5Xj08z472EA8WjaA21FeDZAs9ghGyjHWpujfYRrL3rnUG6g4VdtzpFZB5nkBvSaCXyA8ZD', '113827080912987529340', 'ya29.CjfdAoKGToJ-Arz2CHXFtskU3of-5_rL3ujZrX91i2bZI', 'CBE001', 'Janani@1', 'user', 'Janani', NULL, 'M', 'csejananim@gmail.com', 'Janani Manoharan', NULL, NULL, 'csejananim@gmail.com', 'janani', NULL, 'm', 'csejananim@gmail.com', 9443887438, 'Dharmapuri', 'VCTW', 'BE', 'CSE', '2014', 8000, 5000, 3000, '2016-05-10', '2016-05-10', 'Move to trash', 'file-sample1.jpg', 'file-884784281631541.jpg', 'file-113827080912987529340.jpg'),
	(45, 884784281631541, 'EAAT4vmqn0pMBAF5uVq7VBj8hCgEkpBRacC1MeEYHHioRnAu7UFRgfNZAkl1nhv7VJbdS8jYo0AtM4z4PuB3ZA2CLa0T5Xj08z472EA8WjaA21FeDZAs9ghGyjHWpujfYRrL3rnUG6g4VdtzpFZB5nkBvSaCXyA8ZD', '113827080912987529340', 'ya29.CjfdAoKGToJ-Arz2CHXFtskU3of-5_rL3ujZrX91i2bZI', 'CBE001', 'Janani@1', 'user', 'Janani', NULL, 'M', 'csejananim@gmail.com', 'Janani Manoharan', NULL, NULL, 'csejananim@gmail.com', 'janani', NULL, 'm', 'csejananim@gmail.com', 9443887438, 'Dharmapuri', 'VCTW', 'BE', 'CSE', '2014', 8000, 5000, 3000, '2016-05-10', '2016-05-10', 'Move to trash', 'file-sample1.jpg', 'file-884784281631541.jpg', 'file-113827080912987529340.jpg'),
	(46, 884784281631541, 'EAAT4vmqn0pMBAF5uVq7VBj8hCgEkpBRacC1MeEYHHioRnAu7UFRgfNZAkl1nhv7VJbdS8jYo0AtM4z4PuB3ZA2CLa0T5Xj08z472EA8WjaA21FeDZAs9ghGyjHWpujfYRrL3rnUG6g4VdtzpFZB5nkBvSaCXyA8ZD', '113827080912987529340', 'ya29.CjHeAlMEe7mrCgHfCj1g6lokDiGeaMOkHrh3vvcTy3BBO', 'CBE001', 'Janani@1', 'user', 'Janani', NULL, 'M', 'csejananim@gmail.com', 'Janani Manoharan', NULL, NULL, 'csejananim@gmail.com', 'janani', NULL, 'm', 'csejananim@gmail.com', 9443887438, 'Dharmapuri', 'VCTW', 'BE', 'CSE', '2014', 8000, 5000, 3000, '2016-05-10', '2016-05-10', 'Move to trash', 'file-sample1.jpg', 'file-884784281631541.jpg', 'file-113827080912987529340.jpg'),
	(47, 884784281631541, 'EAAT4vmqn0pMBAF5uVq7VBj8hCgEkpBRacC1MeEYHHioRnAu7UFRgfNZAkl1nhv7VJbdS8jYo0AtM4z4PuB3ZA2CLa0T5Xj08z472EA8WjaA21FeDZAs9ghGyjHWpujfYRrL3rnUG6g4VdtzpFZB5nkBvSaCXyA8ZD', '113827080912987529340', 'ya29.CjHeAlMEe7mrCgHfCj1g6lokDiGeaMOkHrh3vvcTy3BBO', 'CBE001', 'Janani@1', 'user', 'Janani', NULL, 'M', 'csejananim@gmail.com', 'Janani Manoharan', NULL, NULL, 'csejananim@gmail.com', 'janani', NULL, 'm', 'csejananim@gmail.com', 9443887438, 'Dharmapuri', 'VCTW', 'BE', 'CSE', '2014', 8000, 5000, 3000, '2016-05-10', '2016-05-12', 'Move to trash', 'file-sample1.jpg', 'file-884784281631541.jpg', 'file-113827080912987529340.jpg'),
	(48, 884784281631541, 'EAAT4vmqn0pMBACZB1klr3cfZC9xXjYquOQr6PkJiNXsBbhdAFLdbTVuovnCO2ozj3WOJRZB3NRAWZBf1xt9wWDIzMGRbKZCeZBqFA5sALy0ZAtyvIggNkoTlM5ODCgzPzb9HzuNgdDlZBhUcCJ5IQNTr3v9dYrMJqWEZD', '113827080912987529340', 'ya29.CjHeAlMEe7mrCgHfCj1g6lokDiGeaMOkHrh3vvcTy3BBO', 'CBE001', 'Janani@1', 'user', 'Janani', NULL, 'M', 'csejananim@gmail.com', 'Janani Manoharan', NULL, NULL, 'csejananim@gmail.com', 'janani', NULL, 'm', 'csejananim@gmail.com', 9443887438, 'Dharmapuri', 'VCTW', 'BE', 'CSE', '2014', 8000, 5000, 3000, '2016-05-12', '2016-05-12', 'Move to trash', 'file-sample1.jpg', 'file-884784281631541.jpg', 'file-113827080912987529340.jpg'),
	(49, 884784281631541, 'EAAT4vmqn0pMBAJ9bVF35elt4NFvrH7C8Av0tTyjriA3L0Esf1YWxStuIsUke2o500UGGpNpRsvBHWsssBWRjrJRT2hG6ZAa4EfBACLBvyM8IBqBhxpXcaEdIJSPGKHFHDjItKKNL0e4ZCJOouRFUf6mFosshkZD', '113827080912987529340', 'ya29.CjHeAlMEe7mrCgHfCj1g6lokDiGeaMOkHrh3vvcTy3BBO', 'CBE001', 'Janani@1', 'user', 'Janani', NULL, 'M', 'csejananim@gmail.com', 'Janani Manoharan', NULL, NULL, 'csejananim@gmail.com', 'janani', NULL, 'm', 'csejananim@gmail.com', 9443887438, 'Dharmapuri', 'VCTW', 'BE', 'CSE', '2014', 8000, 5000, 3000, '2016-05-12', '2016-05-12', 'Move to trash', 'file-sample1.jpg', 'file-884784281631541.jpg', 'file-113827080912987529340.jpg'),
	(50, 884784281631541, 'EAAT4vmqn0pMBAGFCjdejvBZB4r4Dc7S0ysSrBtSCDZA7OIB6DSPJfFWplHJDOzGHptBmkZClmgaeAcpOHvsObGDEZBVYna2gOuMZBr6lxN5KHLpHDnYMrQaPD2FPrStwwuZAYa4E3cMtPEkycVHuLsviNGUpU2MDkZD', '113827080912987529340', 'ya29.CjHeAlMEe7mrCgHfCj1g6lokDiGeaMOkHrh3vvcTy3BBO', 'CBE001', 'Janani@1', 'user', 'Janani', NULL, 'M', 'csejananim@gmail.com', 'Janani Manoharan', NULL, NULL, 'csejananim@gmail.com', 'janani', NULL, 'm', 'csejananim@gmail.com', 9443887438, 'Dharmapuri', 'VCTW', 'BE', 'CSE', '2014', 8000, 5000, 3000, '2016-05-12', '2016-05-12', 'Move to trash', 'file-sample1.jpg', 'file-884784281631541.jpg', 'file-113827080912987529340.jpg'),
	(51, 884784281631541, 'EAAT4vmqn0pMBAGFCjdejvBZB4r4Dc7S0ysSrBtSCDZA7OIB6DSPJfFWplHJDOzGHptBmkZClmgaeAcpOHvsObGDEZBVYna2gOuMZBr6lxN5KHLpHDnYMrQaPD2FPrStwwuZAYa4E3cMtPEkycVHuLsviNGUpU2MDkZD', '113827080912987529340', 'ya29.CjHeAlMEe7mrCgHfCj1g6lokDiGeaMOkHrh3vvcTy3BBO', 'CBE001', 'Janani@1', 'user', 'Janani', NULL, 'M', 'csejananim@gmail.com', 'Janani Manoharan', NULL, NULL, 'csejananim@gmail.com', 'janani', NULL, 'm', 'csejananim@gmail.com', 9443887438, 'Dharmapuri', 'VCTW', 'BE', 'CSE', '2014', 8000, 5000, 3000, '2016-05-12', '2016-05-12', 'Move to trash', 'file-sample1.jpg', 'file-884784281631541.jpg', 'file-113827080912987529340.jpg'),
	(52, NULL, NULL, NULL, NULL, 'CBE002', 'Sugumar@2', 'user', 'Sugumar', NULL, 'Thiruselvan', 'sugumar@gmail.com', NULL, NULL, NULL, NULL, NULL, NULL, NULL, NULL, 1234567890, 'Madurai', 'PSG', 'BSC', 'Maths', '2016', 1000, 6000, 4000, '2016-05-12', '2016-05-12', 'Move to trash', 'file-Screenshot (8).png', NULL, NULL),
	(53, NULL, NULL, NULL, NULL, 'CBE002', 'Sugumar@2', 'user', 'Sugumar', NULL, 'Thiruselvan', 'sugumar@gmail.com', NULL, NULL, NULL, NULL, NULL, NULL, NULL, NULL, 1234567890, 'Madurai', 'PSG', 'BSC', 'Maths', '2016', 10000, 6000, 4000, '2016-05-12', NULL, 'active', 'file-image1.jpg', NULL, NULL),
	(54, 884784281631541, 'EAAT4vmqn0pMBAMncsPM1ec8R2gYyIz1h6RuPfs4CMJERm5bQBL0zIKkP0bDS8L8LVb765XHieXq3jUN3Ni37rPsYNISyiZAEslgsHTIxT3oMwLFWZCv32XK6hsmvZCTWxPbuGInlr6EOAygFzy7e7IJ6yrDdzwZD', '113827080912987529340', 'ya29.CjHeAlMEe7mrCgHfCj1g6lokDiGeaMOkHrh3vvcTy3BBO', 'CBE001', 'Janani@1', 'user', 'Janani', NULL, 'M', 'csejananim@gmail.com', 'Janani Manoharan', NULL, NULL, 'csejananim@gmail.com', 'janani', NULL, 'm', 'csejananim@gmail.com', 9443887438, 'Dharmapuri', 'VCTW', 'BE', 'CSE', '2014', 8000, 5000, 3000, '2016-05-12', '2016-05-12', 'Move to trash', 'file-sample1.jpg', 'file-884784281631541.jpg', 'file-113827080912987529340.jpg'),
	(55, 884784281631541, 'EAAT4vmqn0pMBAMncsPM1ec8R2gYyIz1h6RuPfs4CMJERm5bQBL0zIKkP0bDS8L8LVb765XHieXq3jUN3Ni37rPsYNISyiZAEslgsHTIxT3oMwLFWZCv32XK6hsmvZCTWxPbuGInlr6EOAygFzy7e7IJ6yrDdzwZD', '113827080912987529340', 'ya29.CjHeAlMEe7mrCgHfCj1g6lokDiGeaMOkHrh3vvcTy3BBO', 'CBE001', 'Janani@1', 'user', 'Janani', NULL, 'M', 'csejananim@gmail.com', 'Janani Manoharan', NULL, NULL, 'csejananim@gmail.com', 'janani', NULL, 'm', 'csejananim@gmail.com', 9443887438, 'Dharmapuri', 'VCTW', 'BE', 'CSE', '2014', 8000, 5000, 3000, '2016-05-12', '2016-05-12', 'Move to trash', 'file-sample1.jpg', 'file-884784281631541.jpg', 'file-113827080912987529340.jpg'),
	(56, 884784281631541, 'EAAT4vmqn0pMBAJzROeB0uXd2n86TPYWTOU3T7vBrF4QoQNsF5BIlzOHJvjx1ByZCnXKX6oIAz2DeCZAzsZAwpqDGKxyC18THqHZAQamQ1u60LeFFLpa3LBrSdd9ugveE895vGvrFm2Tng6sgiTsqSRW1yONTYOIZD', '113827080912987529340', 'ya29.CjHeAlMEe7mrCgHfCj1g6lokDiGeaMOkHrh3vvcTy3BBO', 'CBE001', 'Janani@1', 'user', 'Janani', NULL, 'M', 'csejananim@gmail.com', 'Janani Manoharan', NULL, NULL, 'csejananim@gmail.com', 'janani', NULL, 'm', 'csejananim@gmail.com', 9443887438, 'Dharmapuri', 'VCTW', 'BE', 'CSE', '2014', 8000, 5000, 3000, '2016-05-12', '2016-05-12', 'Move to trash', 'file-sample1.jpg', 'file-884784281631541.jpg', 'file-113827080912987529340.jpg'),
	(57, 884784281631541, 'EAAT4vmqn0pMBAJzROeB0uXd2n86TPYWTOU3T7vBrF4QoQNsF5BIlzOHJvjx1ByZCnXKX6oIAz2DeCZAzsZAwpqDGKxyC18THqHZAQamQ1u60LeFFLpa3LBrSdd9ugveE895vGvrFm2Tng6sgiTsqSRW1yONTYOIZD', '113827080912987529340', 'ya29.CjHeAlMEe7mrCgHfCj1g6lokDiGeaMOkHrh3vvcTy3BBO', 'CBE001', 'Janani@1', 'user', 'Janani', NULL, 'M', 'csejananim@gmail.com', 'Janani Manoharan', NULL, NULL, 'csejananim@gmail.com', 'janani', NULL, 'm', 'csejananim@gmail.com', 9443887438, 'Dharmapuri', 'VCTW', 'BE', 'CSE', '2014', 8000, 5000, 3000, '2016-05-12', '2016-05-12', 'Move to trash', 'file-sample1.jpg', 'file-884784281631541.jpg', 'file-113827080912987529340.jpg'),
	(58, 884784281631541, 'EAAT4vmqn0pMBAK7fnplTJCszVCs7IWZC2taBtoXjs9P3i1uTNU8AsVrZA0cKktILZCceUNwwv94VrHk0fcAXSIZBXiZBzeTWjr5namRfwFOmOZCplP2ckCOMZANEEXLNNB8yj9keQznu8hc0leY2ZAIfDHPqWQWq6q0ZD', '113827080912987529340', 'ya29.CjHeAlMEe7mrCgHfCj1g6lokDiGeaMOkHrh3vvcTy3BBO', 'CBE001', 'Janani@1', 'user', 'Janani', NULL, 'M', 'csejananim@gmail.com', 'Janani Manoharan', NULL, NULL, 'csejananim@gmail.com', 'janani', NULL, 'm', 'csejananim@gmail.com', 9443887438, 'Dharmapuri', 'VCTW', 'BE', 'CSE', '2014', 8000, 5000, 3000, '2016-05-12', '2016-05-12', 'Move to trash', 'file-sample1.jpg', 'file-884784281631541.jpg', 'file-113827080912987529340.jpg'),
	(59, 884784281631541, 'EAAT4vmqn0pMBAK7fnplTJCszVCs7IWZC2taBtoXjs9P3i1uTNU8AsVrZA0cKktILZCceUNwwv94VrHk0fcAXSIZBXiZBzeTWjr5namRfwFOmOZCplP2ckCOMZANEEXLNNB8yj9keQznu8hc0leY2ZAIfDHPqWQWq6q0ZD', '113827080912987529340', 'ya29.CjHeAlMEe7mrCgHfCj1g6lokDiGeaMOkHrh3vvcTy3BBO', 'CBE001', 'Janani@1', 'user', 'Janani', NULL, 'M', 'csejananim@gmail.com', 'Janani Manoharan', NULL, NULL, 'csejananim@gmail.com', 'janani', NULL, 'm', 'csejananim@gmail.com', 9443887438, 'Dharmapuri', 'VCTW', 'BE', 'CSE', '2014', 8000, 5000, 3000, '2016-05-12', '2016-05-12', 'Move to trash', 'file-sample1.jpg', 'file-884784281631541.jpg', 'file-113827080912987529340.jpg'),
	(60, 884784281631541, 'EAAT4vmqn0pMBAIO0AQZBDK74ZAbXNOoSLdxeTpCliS5ANZAlLvdckY9iNnfWKWgLjZBZCWJlbPiHRHZAcC2OHfKfJNUGw7spZCZBZCcorhCsu3PFsZAL04DxCA7GP6tFWJziNNVN8fvoaxZAo7bZBKLXLOZAzcRMuGAx1GNUZD', '113827080912987529340', 'ya29.CjHeAlMEe7mrCgHfCj1g6lokDiGeaMOkHrh3vvcTy3BBO', 'CBE001', 'Janani@1', 'user', 'Janani', NULL, 'M', 'csejananim@gmail.com', 'Janani Manoharan', NULL, NULL, 'csejananim@gmail.com', 'janani', NULL, 'm', 'csejananim@gmail.com', 9443887438, 'Dharmapuri', 'VCTW', 'BE', 'CSE', '2014', 8000, 5000, 3000, '2016-05-12', '2016-05-12', 'Move to trash', 'file-sample1.jpg', 'file-884784281631541.jpg', 'file-113827080912987529340.jpg'),
	(61, 884784281631541, 'EAAT4vmqn0pMBAIO0AQZBDK74ZAbXNOoSLdxeTpCliS5ANZAlLvdckY9iNnfWKWgLjZBZCWJlbPiHRHZAcC2OHfKfJNUGw7spZCZBZCcorhCsu3PFsZAL04DxCA7GP6tFWJziNNVN8fvoaxZAo7bZBKLXLOZAzcRMuGAx1GNUZD', '113827080912987529340', 'ya29.CjHeAlMEe7mrCgHfCj1g6lokDiGeaMOkHrh3vvcTy3BBO', 'CBE001', 'Janani@1', 'user', 'Janani', NULL, 'M', 'csejananim@gmail.com', 'Janani Manoharan', NULL, NULL, 'csejananim@gmail.com', 'janani', NULL, 'm', 'csejananim@gmail.com', 9443887438, 'Dharmapuri', 'VCTW', 'BE', 'CSE', '2014', 8000, 5000, 3000, '2016-05-12', '2016-05-12', 'Move to trash', 'file-sample1.jpg', 'file-884784281631541.jpg', 'file-113827080912987529340.jpg'),
	(62, 884784281631541, 'EAAT4vmqn0pMBACbU6ZB7uQeg4uV5SmEQ4zM3V9UOM2UhUP7t4orOV0wx0FtzaYAZBwXzfLzEOuE82JpCZAzjOElLAnEpvGe1l2MRKhSjrcvNX7MkLtUfjqaNKMZBgOS6woPFt0xq1ZC4ntdg1OVjBpXh4Mfa2qwAZD', '113827080912987529340', 'ya29.CjHeAlMEe7mrCgHfCj1g6lokDiGeaMOkHrh3vvcTy3BBO', 'CBE001', 'Janani@1', 'user', 'Janani', NULL, 'M', 'csejananim@gmail.com', 'Janani Manoharan', NULL, NULL, 'csejananim@gmail.com', 'janani', NULL, 'm', 'csejananim@gmail.com', 9443887438, 'Dharmapuri', 'VCTW', 'BE', 'CSE', '2014', 8000, 5000, 3000, '2016-05-12', '2016-05-12', 'Move to trash', 'file-sample1.jpg', 'file-884784281631541.jpg', 'file-113827080912987529340.jpg'),
	(63, 884784281631541, 'EAAT4vmqn0pMBACbU6ZB7uQeg4uV5SmEQ4zM3V9UOM2UhUP7t4orOV0wx0FtzaYAZBwXzfLzEOuE82JpCZAzjOElLAnEpvGe1l2MRKhSjrcvNX7MkLtUfjqaNKMZBgOS6woPFt0xq1ZC4ntdg1OVjBpXh4Mfa2qwAZD', '113827080912987529340', 'ya29.CjHeAlMEe7mrCgHfCj1g6lokDiGeaMOkHrh3vvcTy3BBO', 'CBE001', 'Janani@1', 'user', 'Janani', NULL, 'M', 'csejananim@gmail.com', 'Janani Manoharan', NULL, NULL, 'csejananim@gmail.com', 'janani', NULL, 'm', 'csejananim@gmail.com', 9443887438, 'Dharmapuri', 'VCTW', 'BE', 'CSE', '2014', 8000, 5000, 3000, '2016-05-12', '2016-05-12', 'Move to trash', 'file-sample1.jpg', 'file-884784281631541.jpg', 'file-113827080912987529340.jpg'),
	(64, 884784281631541, 'EAAT4vmqn0pMBANMcOvcPStfSbgbniWDBr0CnWxrS1gNbF0oZBa7cqj1XzaZAXJI67ZBuEY4IFSyTb35QQLLfryv4L6xPSVT9ZA6m4AnWw8PdcKynZALjmgTRf2ZACd3nPWFQ3jAs1jb7MZB4yhlCfwGJUZBJpPyKuXUZD', '113827080912987529340', 'ya29.CjHeAlMEe7mrCgHfCj1g6lokDiGeaMOkHrh3vvcTy3BBO', 'CBE001', 'Janani@1', 'user', 'Janani', NULL, 'M', 'csejananim@gmail.com', 'Janani Manoharan', NULL, NULL, 'csejananim@gmail.com', 'janani', NULL, 'm', 'csejananim@gmail.com', 9443887438, 'Dharmapuri', 'VCTW', 'BE', 'CSE', '2014', 8000, 5000, 3000, '2016-05-12', '2016-05-12', 'Move to trash', 'file-sample1.jpg', 'file-884784281631541.jpg', 'file-113827080912987529340.jpg'),
	(65, 884784281631541, 'EAAT4vmqn0pMBANMcOvcPStfSbgbniWDBr0CnWxrS1gNbF0oZBa7cqj1XzaZAXJI67ZBuEY4IFSyTb35QQLLfryv4L6xPSVT9ZA6m4AnWw8PdcKynZALjmgTRf2ZACd3nPWFQ3jAs1jb7MZB4yhlCfwGJUZBJpPyKuXUZD', '113827080912987529340', 'ya29.CjHeAlMEe7mrCgHfCj1g6lokDiGeaMOkHrh3vvcTy3BBO', 'CBE001', 'Janani@1', 'user', 'Janani', NULL, 'M', 'csejananim@gmail.com', 'Janani Manoharan', NULL, NULL, 'csejananim@gmail.com', 'janani', NULL, 'm', 'csejananim@gmail.com', 9443887438, 'Dharmapuri', 'VCTW', 'BE', 'CSE', '2014', 8000, 5000, 3000, '2016-05-12', '2016-05-12', 'Move to trash', 'file-sample1.jpg', 'file-884784281631541.jpg', 'file-113827080912987529340.jpg'),
	(66, 884784281631541, 'EAAT4vmqn0pMBAHrPBkoQjlShwWZAtJunqU8Fv86nSMZAelKk9ALXxZA0ou8tsYiOLqny1dI7OGjPfrXoMuJY8hSAceRfIGwATPCIHvdwsD74JbaSTZBY8nWd2ZAJRQ12k7jAunbk6CqPZASLrk64QBoEu8wL8nBvwZD', '113827080912987529340', 'ya29.CjHeAlMEe7mrCgHfCj1g6lokDiGeaMOkHrh3vvcTy3BBO', 'CBE001', 'Janani@1', 'user', 'Janani', NULL, 'M', 'csejananim@gmail.com', 'Janani Manoharan', NULL, NULL, 'csejananim@gmail.com', 'janani', NULL, 'm', 'csejananim@gmail.com', 9443887438, 'Dharmapuri', 'VCTW', 'BE', 'CSE', '2014', 8000, 5000, 3000, '2016-05-12', '2016-05-12', 'Move to trash', 'file-sample1.jpg', 'file-884784281631541.jpg', 'file-113827080912987529340.jpg'),
	(67, 884784281631541, 'EAAT4vmqn0pMBAHrPBkoQjlShwWZAtJunqU8Fv86nSMZAelKk9ALXxZA0ou8tsYiOLqny1dI7OGjPfrXoMuJY8hSAceRfIGwATPCIHvdwsD74JbaSTZBY8nWd2ZAJRQ12k7jAunbk6CqPZASLrk64QBoEu8wL8nBvwZD', '113827080912987529340', 'ya29.CjHeAlMEe7mrCgHfCj1g6lokDiGeaMOkHrh3vvcTy3BBO', 'CBE001', 'Janani@1', 'user', 'Janani', NULL, 'M', 'csejananim@gmail.com', 'Janani Manoharan', NULL, NULL, 'csejananim@gmail.com', 'janani', NULL, 'm', 'csejananim@gmail.com', 9443887438, 'Dharmapuri', 'VCTW', 'BE', 'CSE', '2014', 8000, 5000, 3000, '2016-05-12', '2016-05-12', 'Move to trash', 'file-sample1.jpg', 'file-884784281631541.jpg', 'file-113827080912987529340.jpg'),
	(68, 884784281631541, 'EAAT4vmqn0pMBAPsRARJQWDg8cseStgHSo86b5rKAwI6ld0oVLF3cwfDxGbjngktcrXZAoyeslnZAxqSRpq5MiZA0oCGf8CyV6IWp1NZBBNps7jIwTgvfDhIkBKebGJb4oiBOeUFZC3sw9ahQ4pSUfJJ0T8vmRmNUZD', '113827080912987529340', 'ya29.CjHeAlMEe7mrCgHfCj1g6lokDiGeaMOkHrh3vvcTy3BBO', 'CBE001', 'Janani@1', 'user', 'Janani', NULL, 'M', 'csejananim@gmail.com', 'Janani Manoharan', NULL, NULL, 'csejananim@gmail.com', 'janani', NULL, 'm', 'csejananim@gmail.com', 9443887438, 'Dharmapuri', 'VCTW', 'BE', 'CSE', '2014', 8000, 5000, 3000, '2016-05-12', '2016-05-12', 'Move to trash', 'file-sample1.jpg', 'file-884784281631541.jpg', 'file-113827080912987529340.jpg'),
	(69, 884784281631541, 'EAAT4vmqn0pMBAPsRARJQWDg8cseStgHSo86b5rKAwI6ld0oVLF3cwfDxGbjngktcrXZAoyeslnZAxqSRpq5MiZA0oCGf8CyV6IWp1NZBBNps7jIwTgvfDhIkBKebGJb4oiBOeUFZC3sw9ahQ4pSUfJJ0T8vmRmNUZD', '113827080912987529340', 'ya29.CjHeAlMEe7mrCgHfCj1g6lokDiGeaMOkHrh3vvcTy3BBO', 'CBE001', 'Janani@1', 'user', 'Janani', NULL, 'M', 'csejananim@gmail.com', 'Janani Manoharan', NULL, NULL, 'csejananim@gmail.com', 'janani', NULL, 'm', 'csejananim@gmail.com', 9443887438, 'Dharmapuri', 'VCTW', 'BE', 'CSE', '2014', 8000, 5000, 3000, '2016-05-12', '2016-05-12', 'Move to trash', 'file-sample1.jpg', 'file-884784281631541.jpg', 'file-113827080912987529340.jpg'),
	(70, 884784281631541, 'EAAT4vmqn0pMBAAvYZAlezZBmAHKVRn5M64HbSBjeGcs5lUPt6mooHt8YlRyH9pbaNKz3poQ89iyZAbDZA3xWO9JkPG5Qb10csswNPM4LIn903JI9xDBpCZBx3ZApIZB0BzmQJCmNac115sJPpRrtD4Jwszej1jpK1UZD', '113827080912987529340', 'ya29.CjHeAlMEe7mrCgHfCj1g6lokDiGeaMOkHrh3vvcTy3BBO', 'CBE001', 'Janani@1', 'user', 'Janani', NULL, 'M', 'csejananim@gmail.com', 'Janani Manoharan', NULL, NULL, 'csejananim@gmail.com', 'janani', NULL, 'm', 'csejananim@gmail.com', 9443887438, 'Dharmapuri', 'VCTW', 'BE', 'CSE', '2014', 8000, 5000, 3000, '2016-05-12', '2016-05-12', 'Move to trash', 'file-sample1.jpg', 'file-884784281631541.jpg', 'file-113827080912987529340.jpg'),
	(71, 884784281631541, 'EAAT4vmqn0pMBAAvYZAlezZBmAHKVRn5M64HbSBjeGcs5lUPt6mooHt8YlRyH9pbaNKz3poQ89iyZAbDZA3xWO9JkPG5Qb10csswNPM4LIn903JI9xDBpCZBx3ZApIZB0BzmQJCmNac115sJPpRrtD4Jwszej1jpK1UZD', '113827080912987529340', 'ya29.CjHeAlMEe7mrCgHfCj1g6lokDiGeaMOkHrh3vvcTy3BBO', 'CBE001', 'Janani@1', 'user', 'Janani', NULL, 'M', 'csejananim@gmail.com', 'Janani Manoharan', NULL, NULL, 'csejananim@gmail.com', 'janani', NULL, 'm', 'csejananim@gmail.com', 9443887438, 'Dharmapuri', 'VCTW', 'BE', 'CSE', '2014', 8000, 5000, 3000, '2016-05-12', '2016-05-12', 'Move to trash', 'file-sample1.jpg', 'file-884784281631541.jpg', 'file-113827080912987529340.jpg'),
	(72, 884784281631541, 'EAAT4vmqn0pMBAIjnNW98vjW8CUwGx7vD8pgl20MC1ZAyNsvl5nglUlkC1PydB6Hn1YgI1d1yloGoVMGzEtvB0CZCLZCjbsCivMWleOZCfpv7ZBwWsbkxIsvWcTnqm16tsNbDpr5caXpljXXYAPaUe30A17zrvQ4oZD', '113827080912987529340', 'ya29.CjHeAlMEe7mrCgHfCj1g6lokDiGeaMOkHrh3vvcTy3BBO', 'CBE001', 'Janani@1', 'user', 'Janani', NULL, 'M', 'csejananim@gmail.com', 'Janani Manoharan', NULL, NULL, 'csejananim@gmail.com', 'janani', NULL, 'm', 'csejananim@gmail.com', 9443887438, 'Dharmapuri', 'VCTW', 'BE', 'CSE', '2014', 8000, 5000, 3000, '2016-05-12', '2016-05-12', 'Move to trash', 'file-sample1.jpg', 'file-884784281631541.jpg', 'file-113827080912987529340.jpg'),
	(73, 884784281631541, 'EAAT4vmqn0pMBAIjnNW98vjW8CUwGx7vD8pgl20MC1ZAyNsvl5nglUlkC1PydB6Hn1YgI1d1yloGoVMGzEtvB0CZCLZCjbsCivMWleOZCfpv7ZBwWsbkxIsvWcTnqm16tsNbDpr5caXpljXXYAPaUe30A17zrvQ4oZD', '113827080912987529340', 'ya29.CjHeAlMEe7mrCgHfCj1g6lokDiGeaMOkHrh3vvcTy3BBO', 'CBE001', 'Janani@1', 'user', 'Janani', NULL, 'M', 'csejananim@gmail.com', 'Janani Manoharan', NULL, NULL, 'csejananim@gmail.com', 'janani', NULL, 'm', 'csejananim@gmail.com', 9443887438, 'Dharmapuri', 'VCTW', 'BE', 'CSE', '2014', 8000, 5000, 3000, '2016-05-12', '2016-05-12', 'Move to trash', 'file-sample1.jpg', 'file-884784281631541.jpg', 'file-113827080912987529340.jpg'),
	(74, 884784281631541, 'EAAT4vmqn0pMBAM4s35zZCQ3BrxOwzBPCMSzg4nJEZCfu3sqhG0XTVZCJy6oQPt05ZCEmzkiYwPo3PTpsUANnCsgTWTqA9D3TgbmMifP6mgdhxQsZBmZAHvF4DjeEZBZABkV410MGFn96PJrHvEr09kiHwehzoLmRwOkZD', '113827080912987529340', 'ya29.CjHeAlMEe7mrCgHfCj1g6lokDiGeaMOkHrh3vvcTy3BBO', 'CBE001', 'Janani@1', 'user', 'Janani', NULL, 'M', 'csejananim@gmail.com', 'Janani Manoharan', NULL, NULL, 'csejananim@gmail.com', 'janani', NULL, 'm', 'csejananim@gmail.com', 9443887438, 'Dharmapuri', 'VCTW', 'BE', 'CSE', '2014', 8000, 5000, 3000, '2016-05-12', '2016-05-12', 'Move to trash', 'file-sample1.jpg', 'file-884784281631541.jpg', 'file-113827080912987529340.jpg'),
	(75, 884784281631541, 'EAAT4vmqn0pMBAM4s35zZCQ3BrxOwzBPCMSzg4nJEZCfu3sqhG0XTVZCJy6oQPt05ZCEmzkiYwPo3PTpsUANnCsgTWTqA9D3TgbmMifP6mgdhxQsZBmZAHvF4DjeEZBZABkV410MGFn96PJrHvEr09kiHwehzoLmRwOkZD', '113827080912987529340', 'ya29.CjHeAlMEe7mrCgHfCj1g6lokDiGeaMOkHrh3vvcTy3BBO', 'CBE001', 'Janani@1', 'user', 'Janani', NULL, 'M', 'csejananim@gmail.com', 'Janani Manoharan', NULL, NULL, 'csejananim@gmail.com', 'janani', NULL, 'm', 'csejananim@gmail.com', 9443887438, 'Dharmapuri', 'VCTW', 'BE', 'CSE', '2014', 8000, 5000, 3000, '2016-05-12', '2016-05-12', 'Move to trash', 'file-sample1.jpg', 'file-884784281631541.jpg', 'file-113827080912987529340.jpg'),
	(76, 884784281631541, 'EAAT4vmqn0pMBAMANejI6sZBYHSNATlMRZAR11QEd7hmz5gBnQWJKZC9Qj6VKlvOcIoRILqdXUh8DZCgU0P2ei2GZAZAyWjcexVhnjPFNuKCyoEDlDm3kqIfkxb8hzW7TOM4khpgFmxXy4iknhfByznZCtl6R8LLgx8ZD', '113827080912987529340', 'ya29.CjHeAlMEe7mrCgHfCj1g6lokDiGeaMOkHrh3vvcTy3BBO', 'CBE001', 'Janani@1', 'user', 'Janani', NULL, 'M', 'csejananim@gmail.com', 'Janani Manoharan', NULL, NULL, 'csejananim@gmail.com', 'janani', NULL, 'm', 'csejananim@gmail.com', 9443887438, 'Dharmapuri', 'VCTW', 'BE', 'CSE', '2014', 8000, 5000, 3000, '2016-05-12', '2016-05-12', 'Move to trash', 'file-sample1.jpg', 'file-884784281631541.jpg', 'file-113827080912987529340.jpg'),
	(77, 884784281631541, 'EAAT4vmqn0pMBAMANejI6sZBYHSNATlMRZAR11QEd7hmz5gBnQWJKZC9Qj6VKlvOcIoRILqdXUh8DZCgU0P2ei2GZAZAyWjcexVhnjPFNuKCyoEDlDm3kqIfkxb8hzW7TOM4khpgFmxXy4iknhfByznZCtl6R8LLgx8ZD', '113827080912987529340', 'ya29.CjHeAlMEe7mrCgHfCj1g6lokDiGeaMOkHrh3vvcTy3BBO', 'CBE001', 'Janani@1', 'user', 'Janani', NULL, 'M', 'csejananim@gmail.com', 'Janani Manoharan', NULL, NULL, 'csejananim@gmail.com', 'janani', NULL, 'm', 'csejananim@gmail.com', 9443887438, 'Dharmapuri', 'VCTW', 'BE', 'CSE', '2014', 8000, 5000, 3000, '2016-05-12', '2016-05-12', 'Move to trash', 'file-sample1.jpg', 'file-884784281631541.jpg', 'file-113827080912987529340.jpg'),
	(78, 884784281631541, 'EAAT4vmqn0pMBAPZA1LxYsixrHfCf8qWRqmKOJAJJ3wOmOowXw8CjFg3pEalv7i2xb6KxiCuxOcN0XqAzVVRqHjIVUrJNfeFnh3rwWItAhJfNeZAiTCQAAQ9FiS7JAbEnwDXQGa8Fi4ASMR7m6bty08oAtFZA4cZD', '113827080912987529340', 'ya29.CjHeAlMEe7mrCgHfCj1g6lokDiGeaMOkHrh3vvcTy3BBO', 'CBE001', 'Janani@1', 'user', 'Janani', NULL, 'M', 'csejananim@gmail.com', 'Janani Manoharan', NULL, NULL, 'csejananim@gmail.com', 'janani', NULL, 'm', 'csejananim@gmail.com', 9443887438, 'Dharmapuri', 'VCTW', 'BE', 'CSE', '2014', 8000, 5000, 3000, '2016-05-12', '2016-05-12', 'Move to trash', 'file-sample1.jpg', 'file-884784281631541.jpg', 'file-113827080912987529340.jpg'),
	(79, 884784281631541, 'EAAT4vmqn0pMBAPZA1LxYsixrHfCf8qWRqmKOJAJJ3wOmOowXw8CjFg3pEalv7i2xb6KxiCuxOcN0XqAzVVRqHjIVUrJNfeFnh3rwWItAhJfNeZAiTCQAAQ9FiS7JAbEnwDXQGa8Fi4ASMR7m6bty08oAtFZA4cZD', '113827080912987529340', 'ya29.CjHeAlMEe7mrCgHfCj1g6lokDiGeaMOkHrh3vvcTy3BBO', 'CBE001', 'Janani@1', 'user', 'Janani', NULL, 'M', 'csejananim@gmail.com', 'Janani Manoharan', NULL, NULL, 'csejananim@gmail.com', 'janani', NULL, 'm', 'csejananim@gmail.com', 9443887438, 'Dharmapuri', 'VCTW', 'BE', 'CSE', '2014', 8000, 5000, 3000, '2016-05-12', '2016-05-12', 'Move to trash', 'file-sample1.jpg', 'file-884784281631541.jpg', 'file-113827080912987529340.jpg'),
	(80, 884784281631541, 'EAAT4vmqn0pMBAAsjrvBLEKEUD1JjPZBDSu1ndrsmb4NvgZAtXXsd78QxF8I4zTvMJqowb9sxF5SqZBAmOhj8xUzivNOu2tNSJRnkAUXBIZCs5D7FTL3aolqhR3goiARQZAwacc9WZBnmb9CaAmuLVwmnD98SmsOsAZD', '113827080912987529340', 'ya29.CjHeAlMEe7mrCgHfCj1g6lokDiGeaMOkHrh3vvcTy3BBO', 'CBE001', 'Janani@1', 'user', 'Janani', NULL, 'M', 'csejananim@gmail.com', 'Janani Manoharan', NULL, NULL, 'csejananim@gmail.com', 'janani', NULL, 'm', 'csejananim@gmail.com', 9443887438, 'Dharmapuri', 'VCTW', 'BE', 'CSE', '2014', 8000, 5000, 3000, '2016-05-12', '2016-05-12', 'Move to trash', 'file-sample1.jpg', 'file-884784281631541.jpg', 'file-113827080912987529340.jpg'),
	(81, 884784281631541, 'EAAT4vmqn0pMBAAsjrvBLEKEUD1JjPZBDSu1ndrsmb4NvgZAtXXsd78QxF8I4zTvMJqowb9sxF5SqZBAmOhj8xUzivNOu2tNSJRnkAUXBIZCs5D7FTL3aolqhR3goiARQZAwacc9WZBnmb9CaAmuLVwmnD98SmsOsAZD', '113827080912987529340', 'ya29.CjHeAlMEe7mrCgHfCj1g6lokDiGeaMOkHrh3vvcTy3BBO', 'CBE001', 'Janani@1', 'user', 'Janani', NULL, 'M', 'csejananim@gmail.com', 'Janani Manoharan', NULL, NULL, 'csejananim@gmail.com', 'janani', NULL, 'm', 'csejananim@gmail.com', 9443887438, 'Dharmapuri', 'VCTW', 'BE', 'CSE', '2014', 8000, 5000, 3000, '2016-05-12', '2016-05-18', 'Move to trash', 'file-sample1.jpg', 'file-884784281631541.jpg', 'file-113827080912987529340.jpg'),
	(82, 884784281631541, 'EAAT4vmqn0pMBADNSuy1ZCQ3294zmMQaXHa4LoimzaVHWoG4ZCNDZAQyRJzpEuB7n06ZAkHm8L6Knymcb56cPmwS0tm3F4Azk3zp6ZAYZAHZAyW9BARZBo2EWqZAqTsp9KelKLEpU8rhgbMIb3r2YpQwYsRRot4Jw4sQOh4vmv4XDc9QZDZD', '113827080912987529340', 'ya29.CjHeAlMEe7mrCgHfCj1g6lokDiGeaMOkHrh3vvcTy3BBO', 'CBE001', 'Janani@1', 'user', 'Janani', NULL, 'M', 'csejananim@gmail.com', 'Janani Manoharan', NULL, NULL, 'csejananim@gmail.com', 'janani', NULL, 'm', 'csejananim@gmail.com', 9443887438, 'Dharmapuri', 'VCTW', 'BE', 'CSE', '2014', 8000, 5000, 3000, '2016-05-18', '2016-05-18', 'Move to trash', 'file-sample1.jpg', 'file-884784281631541.jpg', 'file-113827080912987529340.jpg'),
	(83, 884784281631541, 'EAAT4vmqn0pMBADNSuy1ZCQ3294zmMQaXHa4LoimzaVHWoG4ZCNDZAQyRJzpEuB7n06ZAkHm8L6Knymcb56cPmwS0tm3F4Azk3zp6ZAYZAHZAyW9BARZBo2EWqZAqTsp9KelKLEpU8rhgbMIb3r2YpQwYsRRot4Jw4sQOh4vmv4XDc9QZDZD', '113827080912987529340', 'ya29.CjHeAlMEe7mrCgHfCj1g6lokDiGeaMOkHrh3vvcTy3BBO', 'CBE001', 'Janani@1', 'user', 'Janani', NULL, 'M', 'csejananim@gmail.com', 'Janani Manoharan', NULL, NULL, 'csejananim@gmail.com', 'janani', NULL, 'm', 'csejananim@gmail.com', 9443887438, 'Dharmapuri', 'VCTW', 'BE', 'CSE', '2014', 8000, 5000, 3000, '2016-05-18', '2016-05-19', 'Move to trash', 'file-sample1.jpg', 'file-884784281631541.jpg', 'file-113827080912987529340.jpg'),
	(84, 884784281631541, 'EAAT4vmqn0pMBAFZBoOjkpK9pMlhAMgBAJnKkzrYQzf3ZAV4ww5YkiAPXxT8Ng2b58keJc8a0v3fS9jIPNR5H5QlQztSS33fATWSzpeb7TD6AROoYkv8u1SYryktt5lWvVQhuCAniqUb8en7dQdZA2yJrZA3uCbcegUavlvzUtQZDZD', '113827080912987529340', 'ya29.CjHeAlMEe7mrCgHfCj1g6lokDiGeaMOkHrh3vvcTy3BBO', 'CBE001', 'Janani@1', 'user', 'Janani', NULL, 'M', 'csejananim@gmail.com', 'Janani Manoharan', NULL, NULL, 'csejananim@gmail.com', 'janani', NULL, 'm', 'csejananim@gmail.com', 9443887438, 'Dharmapuri', 'VCTW', 'BE', 'CSE', '2014', 8000, 5000, 3000, '2016-05-19', '2016-05-19', 'Move to trash', 'file-sample1.jpg', 'file-884784281631541.jpg', 'file-113827080912987529340.jpg'),
	(85, 884784281631541, 'EAAT4vmqn0pMBAPBvxkbueuZBFFhcIXpzKaobSQv1cLle0hnhF6RDYHtYZCyRK8onEs77OjZCkHPavLFSBxe0n6djiMJrTwKRug5hyD0yBZCeqNZAZCN9YKEgN1OUeuOZCdQ0ni4im0ZCRALHrXdDtOhMeW1RwAVMUa9XHf75zOeHBAZDZD', '113827080912987529340', 'ya29.CjHeAlMEe7mrCgHfCj1g6lokDiGeaMOkHrh3vvcTy3BBO', 'CBE001', 'Janani@1', 'user', 'Janani', NULL, 'M', 'csejananim@gmail.com', 'Janani Manoharan', NULL, NULL, 'csejananim@gmail.com', 'janani', NULL, 'm', 'csejananim@gmail.com', 9443887438, 'Dharmapuri', 'VCTW', 'BE', 'CSE', '2014', 8000, 5000, 3000, '2016-05-19', '2016-05-19', 'Move to trash', 'file-sample1.jpg', 'file-884784281631541.jpg', 'file-113827080912987529340.jpg'),
	(86, 884784281631541, 'EAAT4vmqn0pMBABMUxYkGiBsmOsQGgsJLkZCblfkH1KZCaKANw6OYxOvRrkY7P8qDmYpCjwaKfNx9mFo6vjt3iBWU42HgHr9q520VCY2mSnMGfIKfZBCZC06r0D2SfMWLsJhld9JM6ik9QrssvWP6F8brlCAmmDWiTWyu02X9WwZDZD', '113827080912987529340', 'ya29.CjHeAlMEe7mrCgHfCj1g6lokDiGeaMOkHrh3vvcTy3BBO', 'CBE001', 'Janani@1', 'user', 'Janani', NULL, 'M', 'csejananim@gmail.com', 'Janani Manoharan', NULL, NULL, 'csejananim@gmail.com', 'janani', NULL, 'm', 'csejananim@gmail.com', 9443887438, 'Dharmapuri', 'VCTW', 'BE', 'CSE', '2014', 8000, 5000, 3000, '2016-05-19', '2016-05-19', 'Move to trash', 'file-sample1.jpg', 'file-884784281631541.jpg', 'file-113827080912987529340.jpg'),
	(87, 884784281631541, 'EAAT4vmqn0pMBABMUxYkGiBsmOsQGgsJLkZCblfkH1KZCaKANw6OYxOvRrkY7P8qDmYpCjwaKfNx9mFo6vjt3iBWU42HgHr9q520VCY2mSnMGfIKfZBCZC06r0D2SfMWLsJhld9JM6ik9QrssvWP6F8brlCAmmDWiTWyu02X9WwZDZD', '113827080912987529340', 'ya29.CjHeAlMEe7mrCgHfCj1g6lokDiGeaMOkHrh3vvcTy3BBO', 'CBE001', 'Janani@1', 'user', 'Janani', NULL, 'M', 'csejananim@gmail.com', 'Janani Manoharan', NULL, NULL, 'csejananim@gmail.com', 'janani', NULL, 'm', 'csejananim@gmail.com', 9443887438, 'Dharmapuri', 'VCTW', 'BE', 'CSE', '2014', 8000, 5000, 3000, '2016-05-19', '2016-05-19', 'Move to trash', 'file-sample1.jpg', 'file-884784281631541.jpg', 'file-113827080912987529340.jpg'),
	(88, 884784281631541, 'EAAT4vmqn0pMBABMUxYkGiBsmOsQGgsJLkZCblfkH1KZCaKANw6OYxOvRrkY7P8qDmYpCjwaKfNx9mFo6vjt3iBWU42HgHr9q520VCY2mSnMGfIKfZBCZC06r0D2SfMWLsJhld9JM6ik9QrssvWP6F8brlCAmmDWiTWyu02X9WwZDZD', '113827080912987529340', 'ya29.CjHnAtpgoLr1jfISr9KoiVroB1zx44gJDuZX6fZ0g6xC_', 'CBE001', 'Janani@1', 'user', 'Janani', NULL, 'M', 'csejananim@gmail.com', 'Janani Manoharan', NULL, NULL, 'csejananim@gmail.com', 'janani', NULL, 'm', 'csejananim@gmail.com', 9443887438, 'Dharmapuri', 'VCTW', 'BE', 'CSE', '2014', 8000, 5000, 3000, '2016-05-19', '2016-05-19', 'Move to trash', 'file-sample1.jpg', 'file-884784281631541.jpg', 'file-113827080912987529340.jpg'),
	(89, 884784281631541, 'EAAT4vmqn0pMBABMUxYkGiBsmOsQGgsJLkZCblfkH1KZCaKANw6OYxOvRrkY7P8qDmYpCjwaKfNx9mFo6vjt3iBWU42HgHr9q520VCY2mSnMGfIKfZBCZC06r0D2SfMWLsJhld9JM6ik9QrssvWP6F8brlCAmmDWiTWyu02X9WwZDZD', '113827080912987529340', 'ya29.CjHnAtpgoLr1jfISr9KoiVroB1zx44gJDuZX6fZ0g6xC_', 'CBE001', 'Janani@1', 'user', 'Janani', NULL, 'M', 'csejananim@gmail.com', 'Janani Manoharan', NULL, NULL, 'csejananim@gmail.com', 'janani', NULL, 'm', 'csejananim@gmail.com', 9443887438, 'Dharmapuri', 'VCTW', 'BE', 'CSE', '2014', 8000, 5000, 3000, '2016-05-19', '2016-05-19', 'Move to trash', 'file-sample1.jpg', 'file-884784281631541.jpg', 'file-113827080912987529340.jpg'),
	(90, 884784281631541, 'EAAT4vmqn0pMBAFGgCZCAJloNK5j2KX36ZAZBZCFMhHb8IGwkeLqyZCmmwuntJxy7ZBGev2Ssp2qssKHWG3oRiRX4RhCy5oCVd6atob7FN15VrJprAAlrNpgZCHXtQADXKprv7ZA7UVUuhZBFSmF4ZBp0yxb0HXrwzBPheSicH6KZC1VfwZDZD', '113827080912987529340', 'ya29.CjHnAtpgoLr1jfISr9KoiVroB1zx44gJDuZX6fZ0g6xC_', 'CBE001', 'Janani@1', 'user', 'Janani', NULL, 'M', 'csejananim@gmail.com', 'Janani Manoharan', NULL, NULL, 'csejananim@gmail.com', 'janani', NULL, 'm', 'csejananim@gmail.com', 9443887438, 'Dharmapuri', 'VCTW', 'BE', 'CSE', '2014', 8000, 5000, 3000, '2016-05-19', '2016-05-19', 'Move to trash', 'file-sample1.jpg', 'file-884784281631541.jpg', 'file-113827080912987529340.jpg'),
	(91, 884784281631541, 'EAAT4vmqn0pMBAEk04APvJQv1njy5FCLgWDckiBbXKGmT83BH1jycfwJuWIPZBEmFrZCxFvZAx3gUQ797xeWpBrbETqqUdYpqL4GDhd5lQcKwy3Ka23d3mQqJqhPhWbM2HZCzdhGfB9gIPNdHDcJ928Rr3sRRVs3JwFXyZAFqLNwZDZD', '113827080912987529340', 'ya29.CjHnAtpgoLr1jfISr9KoiVroB1zx44gJDuZX6fZ0g6xC_', 'CBE001', 'Janani@1', 'user', 'Janani', NULL, 'M', 'csejananim@gmail.com', 'Janani Manoharan', NULL, NULL, 'csejananim@gmail.com', 'janani', NULL, 'm', 'csejananim@gmail.com', 9443887438, 'Dharmapuri', 'VCTW', 'BE', 'CSE', '2014', 8000, 5000, 3000, '2016-05-19', '2016-05-19', 'Move to trash', 'file-sample1.jpg', 'file-884784281631541.jpg', 'file-113827080912987529340.jpg'),
	(92, 884784281631541, 'EAAT4vmqn0pMBAEk04APvJQv1njy5FCLgWDckiBbXKGmT83BH1jycfwJuWIPZBEmFrZCxFvZAx3gUQ797xeWpBrbETqqUdYpqL4GDhd5lQcKwy3Ka23d3mQqJqhPhWbM2HZCzdhGfB9gIPNdHDcJ928Rr3sRRVs3JwFXyZAFqLNwZDZD', '113827080912987529340', 'ya29.CjHnAtpgoLr1jfISr9KoiVroB1zx44gJDuZX6fZ0g6xC_', 'CBE001', 'Janani@1', 'user', 'Janani', NULL, 'M', 'csejananim@gmail.com', 'Janani Manoharan', NULL, NULL, 'csejananim@gmail.com', 'janani', NULL, 'm', 'csejananim@gmail.com', 9443887438, 'Dharmapuri', 'VCTW', 'BE', 'CSE', '2014', 8000, 5000, 3000, '2016-05-19', '2016-05-19', 'Move to trash', 'file-sample1.jpg', 'file-884784281631541.jpg', 'file-113827080912987529340.jpg'),
	(93, 884784281631541, 'EAAT4vmqn0pMBAEk04APvJQv1njy5FCLgWDckiBbXKGmT83BH1jycfwJuWIPZBEmFrZCxFvZAx3gUQ797xeWpBrbETqqUdYpqL4GDhd5lQcKwy3Ka23d3mQqJqhPhWbM2HZCzdhGfB9gIPNdHDcJ928Rr3sRRVs3JwFXyZAFqLNwZDZD', '113827080912987529340', 'ya29.CjbnAoaEdRXi0P7gU7voEAUpCvNAS_9PVvbLKeiRbGcbK', 'CBE001', 'Janani@1', 'user', 'Janani', NULL, 'M', 'csejananim@gmail.com', 'Janani Manoharan', NULL, NULL, 'csejananim@gmail.com', 'janani', NULL, 'm', 'csejananim@gmail.com', 9443887438, 'Dharmapuri', 'VCTW', 'BE', 'CSE', '2014', 8000, 5000, 3000, '2016-05-19', '2016-05-19', 'Move to trash', 'file-sample1.jpg', 'file-884784281631541.jpg', 'file-113827080912987529340.jpg'),
	(94, 884784281631541, 'EAAT4vmqn0pMBAEk04APvJQv1njy5FCLgWDckiBbXKGmT83BH1jycfwJuWIPZBEmFrZCxFvZAx3gUQ797xeWpBrbETqqUdYpqL4GDhd5lQcKwy3Ka23d3mQqJqhPhWbM2HZCzdhGfB9gIPNdHDcJ928Rr3sRRVs3JwFXyZAFqLNwZDZD', '113827080912987529340', 'ya29.CjbnAoaEdRXi0P7gU7voEAUpCvNAS_9PVvbLKeiRbGcbK', 'CBE001', 'Janani@1', 'user', 'Janani', NULL, 'M', 'csejananim@gmail.com', 'Janani Manoharan', NULL, NULL, 'csejananim@gmail.com', 'janani', NULL, 'm', 'csejananim@gmail.com', 9443887438, 'Dharmapuri', 'VCTW', 'BE', 'CSE', '2014', 8000, 5000, 3000, '2016-05-19', '2016-05-19', 'Move to trash', 'file-sample1.jpg', 'file-884784281631541.jpg', 'file-113827080912987529340.jpg'),
	(95, 884784281631541, 'EAAT4vmqn0pMBAOrdbquttFT09QCxyer9lBReT3bHmZA9htxlCUZCk7w06OxEEdqPuaU9TomIRtoQiASUvoCuT30XPZCQjec01qAVjZAp2WnEQr27kXaFoklGVlFY7EZAkgedmVIZCsC7pNuJkMVEov12XAbtjJgsbeC0lqVmJoBgZDZD', '113827080912987529340', 'ya29.CjbnAoaEdRXi0P7gU7voEAUpCvNAS_9PVvbLKeiRbGcbK', 'CBE001', 'Janani@1', 'user', 'Janani', NULL, 'M', 'csejananim@gmail.com', 'Janani Manoharan', NULL, NULL, 'csejananim@gmail.com', 'janani', NULL, 'm', 'csejananim@gmail.com', 9443887438, 'Dharmapuri', 'VCTW', 'BE', 'CSE', '2014', 8000, 5000, 3000, '2016-05-19', '2016-05-19', 'Move to trash', 'file-sample1.jpg', 'file-884784281631541.jpg', 'file-113827080912987529340.jpg'),
	(96, 884784281631541, 'EAAT4vmqn0pMBAOrdbquttFT09QCxyer9lBReT3bHmZA9htxlCUZCk7w06OxEEdqPuaU9TomIRtoQiASUvoCuT30XPZCQjec01qAVjZAp2WnEQr27kXaFoklGVlFY7EZAkgedmVIZCsC7pNuJkMVEov12XAbtjJgsbeC0lqVmJoBgZDZD', '113827080912987529340', 'ya29.CjbnAoaEdRXi0P7gU7voEAUpCvNAS_9PVvbLKeiRbGcbK', 'CBE001', 'Janani@1', 'user', 'Janani', NULL, 'M', 'csejananim@gmail.com', 'Janani Manoharan', NULL, NULL, 'csejananim@gmail.com', 'janani', NULL, 'm', 'csejananim@gmail.com', 9443887438, 'Dharmapuri', 'VCTW', 'BE', 'CSE', '2014', 8000, 5000, 3000, '2016-05-19', '2016-05-19', 'Move to trash', 'file-sample1.jpg', 'file-884784281631541.jpg', 'file-113827080912987529340.jpg'),
	(97, 884784281631541, 'EAAT4vmqn0pMBAOrdbquttFT09QCxyer9lBReT3bHmZA9htxlCUZCk7w06OxEEdqPuaU9TomIRtoQiASUvoCuT30XPZCQjec01qAVjZAp2WnEQr27kXaFoklGVlFY7EZAkgedmVIZCsC7pNuJkMVEov12XAbtjJgsbeC0lqVmJoBgZDZD', '113827080912987529340', 'ya29.CjbnAk9PbFPJqW1NNK3nrA2mkPJcC-KMHu0CF_uNsAlna', 'CBE001', 'Janani@1', 'user', 'Janani', NULL, 'M', 'csejananim@gmail.com', 'Janani Manoharan', NULL, NULL, 'csejananim@gmail.com', 'janani', NULL, 'm', 'csejananim@gmail.com', 9443887438, 'Dharmapuri', 'VCTW', 'BE', 'CSE', '2014', 8000, 5000, 3000, '2016-05-19', '2016-05-19', 'Move to trash', 'file-sample1.jpg', 'file-884784281631541.jpg', 'file-113827080912987529340.jpg'),
	(98, 884784281631541, 'EAAT4vmqn0pMBAOrdbquttFT09QCxyer9lBReT3bHmZA9htxlCUZCk7w06OxEEdqPuaU9TomIRtoQiASUvoCuT30XPZCQjec01qAVjZAp2WnEQr27kXaFoklGVlFY7EZAkgedmVIZCsC7pNuJkMVEov12XAbtjJgsbeC0lqVmJoBgZDZD', '113827080912987529340', 'ya29.CjbnAk9PbFPJqW1NNK3nrA2mkPJcC-KMHu0CF_uNsAlna', 'CBE001', 'Janani@1', 'user', 'Janani', NULL, 'M', 'csejananim@gmail.com', 'Janani Manoharan', NULL, NULL, 'csejananim@gmail.com', 'janani', NULL, 'm', 'csejananim@gmail.com', 9443887438, 'Dharmapuri', 'VCTW', 'BE', 'CSE', '2014', 8000, 5000, 3000, '2016-05-19', '2016-05-19', 'Move to trash', 'file-sample1.jpg', 'file-884784281631541.jpg', 'file-113827080912987529340.jpg'),
	(99, 884784281631541, 'EAAT4vmqn0pMBAHaeROnmZB5s3d6FfV3QtvZAjcZAbs4YgZCqFesmOuJvLsZBar6UGMYosEq1pBP6RDQQM16RkZAy6naC5VZCxcwMsXCpihok6F8CKDLN0DZCjZB9fD5ylQvZCwYOtH6c9YrSoc7lMnbWW4M0xw6Vp0bpwrOdpNK7nfjgZDZD', '113827080912987529340', 'ya29.CjbnAk9PbFPJqW1NNK3nrA2mkPJcC-KMHu0CF_uNsAlna', 'CBE001', 'Janani@1', 'user', 'Janani', NULL, 'M', 'csejananim@gmail.com', 'Janani Manoharan', NULL, NULL, 'csejananim@gmail.com', 'janani', NULL, 'm', 'csejananim@gmail.com', 9443887438, 'Dharmapuri', 'VCTW', 'BE', 'CSE', '2014', 8000, 5000, 3000, '2016-05-19', '2016-05-19', 'Move to trash', 'file-sample1.jpg', 'file-884784281631541.jpg', 'file-113827080912987529340.jpg'),
	(100, 884784281631541, 'EAAT4vmqn0pMBAHaeROnmZB5s3d6FfV3QtvZAjcZAbs4YgZCqFesmOuJvLsZBar6UGMYosEq1pBP6RDQQM16RkZAy6naC5VZCxcwMsXCpihok6F8CKDLN0DZCjZB9fD5ylQvZCwYOtH6c9YrSoc7lMnbWW4M0xw6Vp0bpwrOdpNK7nfjgZDZD', '113827080912987529340', 'ya29.CjbnAk9PbFPJqW1NNK3nrA2mkPJcC-KMHu0CF_uNsAlna', 'CBE001', 'Janani@1', 'user', 'Janani', NULL, 'M', 'csejananim@gmail.com', 'Janani Manoharan', NULL, NULL, 'csejananim@gmail.com', 'janani', NULL, 'm', 'csejananim@gmail.com', 9443887438, 'Dharmapuri', 'VCTW', 'BE', 'CSE', '2014', 8000, 5000, 3000, '2016-05-19', '2016-05-19', 'Move to trash', 'file-sample1.jpg', 'file-884784281631541.jpg', 'file-113827080912987529340.jpg'),
	(101, 884784281631541, 'EAAT4vmqn0pMBAHaeROnmZB5s3d6FfV3QtvZAjcZAbs4YgZCqFesmOuJvLsZBar6UGMYosEq1pBP6RDQQM16RkZAy6naC5VZCxcwMsXCpihok6F8CKDLN0DZCjZB9fD5ylQvZCwYOtH6c9YrSoc7lMnbWW4M0xw6Vp0bpwrOdpNK7nfjgZDZD', '113827080912987529340', 'ya29.CjbnAhSxVtkpYBE8aH_DjMV0ESiIB4lPhGfnEjye4Bb_w', 'CBE001', 'Janani@1', 'user', 'Janani', NULL, 'M', 'csejananim@gmail.com', 'Janani Manoharan', NULL, NULL, 'csejananim@gmail.com', 'janani', NULL, 'm', 'csejananim@gmail.com', 9443887438, 'Dharmapuri', 'VCTW', 'BE', 'CSE', '2014', 8000, 5000, 3000, '2016-05-19', '2016-05-19', 'Move to trash', 'file-sample1.jpg', 'file-884784281631541.jpg', 'file-113827080912987529340.jpg'),
	(102, 884784281631541, 'EAAT4vmqn0pMBAHaeROnmZB5s3d6FfV3QtvZAjcZAbs4YgZCqFesmOuJvLsZBar6UGMYosEq1pBP6RDQQM16RkZAy6naC5VZCxcwMsXCpihok6F8CKDLN0DZCjZB9fD5ylQvZCwYOtH6c9YrSoc7lMnbWW4M0xw6Vp0bpwrOdpNK7nfjgZDZD', '113827080912987529340', 'ya29.CjbnAhSxVtkpYBE8aH_DjMV0ESiIB4lPhGfnEjye4Bb_w', 'CBE001', 'Janani@1', 'user', 'Janani', NULL, 'M', 'csejananim@gmail.com', 'Janani Manoharan', NULL, NULL, 'csejananim@gmail.com', 'janani', NULL, 'm', 'csejananim@gmail.com', 9443887438, 'Dharmapuri', 'VCTW', 'BE', 'CSE', '2014', 8000, 5000, 3000, '2016-05-19', '2016-05-21', 'Move to trash', 'file-sample1.jpg', 'file-884784281631541.jpg', 'file-113827080912987529340.jpg'),
	(103, NULL, NULL, NULL, NULL, 'CBE003', 'Suganthi@3', 'user', 'Suganthi', NULL, 'Thangavel', 'suganthi@rediffmail.com', NULL, NULL, NULL, NULL, NULL, NULL, NULL, NULL, 9876543210, 'Chennai', 'Loyala', 'Bsc', 'Fashion Tech', '2015', 10000, 4000, 6000, '2016-05-21', NULL, 'active', NULL, NULL, NULL),
	(104, NULL, NULL, NULL, NULL, 'CBE004', 'Selvaraj@4', 'user', 'Selvaraj', NULL, 'Muthukoundan', 'selvaraj@yahoo.com', NULL, NULL, NULL, NULL, NULL, NULL, NULL, NULL, 7894561230, 'Dindigul', 'ABC', 'BE', 'ME', '2016', 9000, 5000, 4000, '2016-05-21', NULL, 'active', NULL, NULL, NULL),
	(105, NULL, NULL, NULL, NULL, 'CBE005', 'Roshni@5', 'user', 'Roshni', NULL, 'Balachandhar', 'roshni01@gmail.com', NULL, NULL, NULL, NULL, NULL, NULL, NULL, NULL, 9468712305, 'Erode', 'KSR', 'DME', 'Mech', '2013', 8000, 4000, 4000, '2016-05-21', NULL, 'active', NULL, NULL, NULL),
	(106, NULL, NULL, NULL, NULL, 'CBE006', 'Fathima@6', 'user', 'Fathima', NULL, 'Jaffer', 'fathima@gmail.com', NULL, NULL, NULL, NULL, NULL, NULL, NULL, NULL, 6549873210, 'Coimbatore', 'Thiruvalluvar College', 'Bsc', 'English', '2016', 7000, 4000, 3000, '2016-05-21', NULL, 'active', NULL, NULL, NULL),
	(107, NULL, NULL, NULL, NULL, 'CBE007', 'Soundar@7', 'user', 'Soundar', NULL, 'Kumar', 'soundar@gmail.com', NULL, NULL, NULL, NULL, NULL, NULL, NULL, NULL, 3569821470, 'Salem', 'Sona College', 'B.Tech', 'IT', '2016', 15000, 10000, 5000, '2016-05-21', NULL, 'active', NULL, NULL, NULL),
	(108, 884784281631541, 'EAAT4vmqn0pMBAOzNtKbqwQ0fcsIx9uAv4ZBNY4cFjHU5s0xYaL5PVhlStEXYVOq1YZBpMawGKxFjFxWYDZCQNk7w0L6seex8HC5PoCdEtAisKbFSZAETxZB7yYvuKUmdNeOg10j7ljyZAmSz9ZASigTyKjr3BUgzp47WAaWIT1dtAZDZD', '113827080912987529340', 'ya29.CjbnAhSxVtkpYBE8aH_DjMV0ESiIB4lPhGfnEjye4Bb_w', 'CBE001', 'Janani@1', 'user', 'Janani', NULL, 'M', 'csejananim@gmail.com', 'Janani Manoharan', NULL, NULL, 'csejananim@gmail.com', 'janani', NULL, 'm', 'csejananim@gmail.com', 9443887438, 'Dharmapuri', 'VCTW', 'BE', 'CSE', '2014', 8000, 5000, 3000, '2016-05-21', '2016-05-21', 'Move to trash', 'file-sample1.jpg', 'file-884784281631541.jpg', 'file-113827080912987529340.jpg'),
	(109, 884784281631541, 'EAAT4vmqn0pMBAOzNtKbqwQ0fcsIx9uAv4ZBNY4cFjHU5s0xYaL5PVhlStEXYVOq1YZBpMawGKxFjFxWYDZCQNk7w0L6seex8HC5PoCdEtAisKbFSZAETxZB7yYvuKUmdNeOg10j7ljyZAmSz9ZASigTyKjr3BUgzp47WAaWIT1dtAZDZD', '113827080912987529340', 'ya29.CjbnAhSxVtkpYBE8aH_DjMV0ESiIB4lPhGfnEjye4Bb_w', 'CBE001', 'Janani@1', 'user', 'Janani', NULL, 'M', 'csejananim@gmail.com', 'Janani Manoharan', NULL, NULL, 'csejananim@gmail.com', 'janani', NULL, 'm', 'csejananim@gmail.com', 9443887438, 'Dharmapuri', 'VCTW', 'BE', 'CSE', '2014', 8000, 5000, 3000, '2016-05-21', '2016-05-21', 'Move to trash', 'file-sample1.jpg', 'file-884784281631541.jpg', 'file-113827080912987529340.jpg'),
	(110, 884784281631541, 'EAAT4vmqn0pMBAOtqUskygiV9H6gQbCQZCVyzzUDepx6XEr57yqYU5u73rZBOnZCgADJZC9MwmwziBXc6j1mTwgkPeaZBHvqfkVNjy8WUalZBztMlM0kaKr9vdl3nquZCk0L5UYq20n9PoV122ZBEfYz0OGGSVHpTnJ4S7XUvWImbuAZDZD', '113827080912987529340', 'ya29.CjbnAhSxVtkpYBE8aH_DjMV0ESiIB4lPhGfnEjye4Bb_w', 'CBE001', 'Janani@1', 'user', 'Janani', NULL, 'M', 'csejananim@gmail.com', 'Janani Manoharan', NULL, NULL, 'csejananim@gmail.com', 'janani', NULL, 'm', 'csejananim@gmail.com', 9443887438, 'Dharmapuri', 'VCTW', 'BE', 'CSE', '2014', 8000, 5000, 3000, '2016-05-21', '2016-05-21', 'Move to trash', 'file-sample1.jpg', 'file-884784281631541.jpg', 'file-113827080912987529340.jpg'),
	(111, 884784281631541, 'EAAT4vmqn0pMBAOtqUskygiV9H6gQbCQZCVyzzUDepx6XEr57yqYU5u73rZBOnZCgADJZC9MwmwziBXc6j1mTwgkPeaZBHvqfkVNjy8WUalZBztMlM0kaKr9vdl3nquZCk0L5UYq20n9PoV122ZBEfYz0OGGSVHpTnJ4S7XUvWImbuAZDZD', '113827080912987529340', 'ya29.CjbnAhSxVtkpYBE8aH_DjMV0ESiIB4lPhGfnEjye4Bb_w', 'CBE001', 'Janani@1', 'user', 'Janani', NULL, 'M', 'csejananim@gmail.com', 'Janani Manoharan', NULL, NULL, 'csejananim@gmail.com', 'janani', NULL, 'm', 'csejananim@gmail.com', 9443887438, 'Dharmapuri', 'VCTW', 'BE', 'CSE', '2014', 8000, 5000, 3000, '2016-05-21', '2016-05-21', 'Move to trash', 'file-sample1.jpg', 'file-884784281631541.jpg', 'file-113827080912987529340.jpg'),
	(112, 884784281631541, 'EAAT4vmqn0pMBAHQjftQyITjQcZBPo0TkLYZBILqADnauJ3tZCwnb3KF6lLEZAieorqG41NIpsTdaVZAD6gDrj4SYQZBEORjBMJV69H1g5lCuWlSHzpeN6HD3cnpKQ3yFXSSKXGgW057ZADtzKvRM5LTuNlROCRrLy7l1sHHAWy9iwZDZD', '113827080912987529340', 'ya29.CjbnAhSxVtkpYBE8aH_DjMV0ESiIB4lPhGfnEjye4Bb_w', 'CBE001', 'Janani@1', 'user', 'Janani', NULL, 'M', 'csejananim@gmail.com', 'Janani Manoharan', NULL, NULL, 'csejananim@gmail.com', 'janani', NULL, 'm', 'csejananim@gmail.com', 9443887438, 'Dharmapuri', 'VCTW', 'BE', 'CSE', '2014', 8000, 5000, 3000, '2016-05-21', '2016-05-21', 'Move to trash', 'file-sample1.jpg', 'file-884784281631541.jpg', 'file-113827080912987529340.jpg'),
	(113, 884784281631541, 'EAAT4vmqn0pMBAHQjftQyITjQcZBPo0TkLYZBILqADnauJ3tZCwnb3KF6lLEZAieorqG41NIpsTdaVZAD6gDrj4SYQZBEORjBMJV69H1g5lCuWlSHzpeN6HD3cnpKQ3yFXSSKXGgW057ZADtzKvRM5LTuNlROCRrLy7l1sHHAWy9iwZDZD', '113827080912987529340', 'ya29.CjbnAhSxVtkpYBE8aH_DjMV0ESiIB4lPhGfnEjye4Bb_w', 'CBE001', 'Janani@1', 'user', 'Janani', NULL, 'M', 'csejananim@gmail.com', 'Janani Manoharan', NULL, NULL, 'csejananim@gmail.com', 'janani', NULL, 'm', 'csejananim@gmail.com', 9443887438, 'Dharmapuri', 'VCTW', 'BE', 'CSE', '2014', 8000, 5000, 3000, '2016-05-21', '2016-05-21', 'Move to trash', 'file-sample1.jpg', 'file-884784281631541.jpg', 'file-113827080912987529340.jpg'),
	(114, 884784281631541, 'EAAT4vmqn0pMBAEBDc4Af7WE2j0P1Vcjg7bgdvEDTxDIMc9D02xTbYSigLXUa4WCvorFufUAqFKUq9ap3pmYOHVYTr0K4uYAPWVTjfq3iFoOWcIsaWNCN30oFOMcqLNymLZB1aZBn6r2Em8wUFJOcYn76796ZBshy9ZALWF6I9wZDZD', '113827080912987529340', 'ya29.CjbnAhSxVtkpYBE8aH_DjMV0ESiIB4lPhGfnEjye4Bb_w', 'CBE001', 'Janani@1', 'user', 'Janani', NULL, 'M', 'csejananim@gmail.com', 'Janani Manoharan', NULL, NULL, 'csejananim@gmail.com', 'janani', NULL, 'm', 'csejananim@gmail.com', 9443887438, 'Dharmapuri', 'VCTW', 'BE', 'CSE', '2014', 8000, 5000, 3000, '2016-05-21', '2016-05-21', 'Move to trash', 'file-sample1.jpg', 'file-884784281631541.jpg', 'file-113827080912987529340.jpg'),
	(115, 884784281631541, 'EAAT4vmqn0pMBAEBDc4Af7WE2j0P1Vcjg7bgdvEDTxDIMc9D02xTbYSigLXUa4WCvorFufUAqFKUq9ap3pmYOHVYTr0K4uYAPWVTjfq3iFoOWcIsaWNCN30oFOMcqLNymLZB1aZBn6r2Em8wUFJOcYn76796ZBshy9ZALWF6I9wZDZD', '113827080912987529340', 'ya29.CjbnAhSxVtkpYBE8aH_DjMV0ESiIB4lPhGfnEjye4Bb_w', 'CBE001', 'Janani@1', 'user', 'Janani', NULL, 'M', 'csejananim@gmail.com', 'Janani Manoharan', NULL, NULL, 'csejananim@gmail.com', 'janani', NULL, 'm', 'csejananim@gmail.com', 9443887438, 'Dharmapuri', 'VCTW', 'BE', 'CSE', '2014', 8000, 5000, 3000, '2016-05-21', '2016-05-21', 'Move to trash', 'file-sample1.jpg', 'file-884784281631541.jpg', 'file-113827080912987529340.jpg'),
	(116, 884784281631541, 'EAAT4vmqn0pMBACjO4OOVRjyje0VBLMdoYUxsBrSDThFtnoQmqZCMeALXa9ror5zyI44AUrWtZAGpDE3SQ5KbUOJWZCwcZCpZBgRhilHA3Njed3QCFcZCSS9F1zYCu0rLqRBcOSorKmDYZAsdLRnPbYnNiGZBDqhgIZA0CtKj1dYjZCnwZDZD', '113827080912987529340', 'ya29.CjbnAhSxVtkpYBE8aH_DjMV0ESiIB4lPhGfnEjye4Bb_w', 'CBE001', 'Janani@1', 'user', 'Janani', NULL, 'M', 'csejananim@gmail.com', 'Janani Manoharan', NULL, NULL, 'csejananim@gmail.com', 'janani', NULL, 'm', 'csejananim@gmail.com', 9443887438, 'Dharmapuri', 'VCTW', 'BE', 'CSE', '2014', 8000, 5000, 3000, '2016-05-21', '2016-05-21', 'Move to trash', 'file-sample1.jpg', 'file-884784281631541.jpg', 'file-113827080912987529340.jpg'),
	(117, 884784281631541, 'EAAT4vmqn0pMBACjO4OOVRjyje0VBLMdoYUxsBrSDThFtnoQmqZCMeALXa9ror5zyI44AUrWtZAGpDE3SQ5KbUOJWZCwcZCpZBgRhilHA3Njed3QCFcZCSS9F1zYCu0rLqRBcOSorKmDYZAsdLRnPbYnNiGZBDqhgIZA0CtKj1dYjZCnwZDZD', '113827080912987529340', 'ya29.CjbnAhSxVtkpYBE8aH_DjMV0ESiIB4lPhGfnEjye4Bb_w', 'CBE001', 'Janani@1', 'user', 'Janani', NULL, 'M', 'csejananim@gmail.com', 'Janani Manoharan', NULL, NULL, 'csejananim@gmail.com', 'janani', NULL, 'm', 'csejananim@gmail.com', 9443887438, 'Dharmapuri', 'VCTW', 'BE', 'CSE', '2014', 8000, 5000, 3000, '2016-05-21', '2016-05-21', 'Move to trash', 'file-sample1.jpg', 'file-884784281631541.jpg', 'file-113827080912987529340.jpg'),
	(118, 884784281631541, 'EAAT4vmqn0pMBAHaZA3rMlAxynItuv8u2DhCAWnye7ZAWE0dyhKfZBjwMiIzmyfxzXZBoaC6tBLGwRBZA0NN5fgOhMyaxlieOGqZAKSRj7LUHE3M7YyFViiORq4YeV1kAlCjRscb4iLFwlzy9mv3zanZAMYmSyXSaLYYFyYQp6jlJwZDZD', '113827080912987529340', 'ya29.CjbnAhSxVtkpYBE8aH_DjMV0ESiIB4lPhGfnEjye4Bb_w', 'CBE001', 'Janani@1', 'user', 'Janani', NULL, 'M', 'csejananim@gmail.com', 'Janani Manoharan', NULL, NULL, 'csejananim@gmail.com', 'janani', NULL, 'm', 'csejananim@gmail.com', 9443887438, 'Dharmapuri', 'VCTW', 'BE', 'CSE', '2014', 8000, 5000, 3000, '2016-05-21', '2016-05-21', 'Move to trash', 'file-sample1.jpg', 'file-884784281631541.jpg', 'file-113827080912987529340.jpg'),
	(119, 884784281631541, 'EAAT4vmqn0pMBAHaZA3rMlAxynItuv8u2DhCAWnye7ZAWE0dyhKfZBjwMiIzmyfxzXZBoaC6tBLGwRBZA0NN5fgOhMyaxlieOGqZAKSRj7LUHE3M7YyFViiORq4YeV1kAlCjRscb4iLFwlzy9mv3zanZAMYmSyXSaLYYFyYQp6jlJwZDZD', '113827080912987529340', 'ya29.CjbnAhSxVtkpYBE8aH_DjMV0ESiIB4lPhGfnEjye4Bb_w', 'CBE001', 'Janani@1', 'user', 'Janani', NULL, 'M', 'csejananim@gmail.com', 'Janani Manoharan', NULL, NULL, 'csejananim@gmail.com', 'janani', NULL, 'm', 'csejananim@gmail.com', 9443887438, 'Dharmapuri', 'VCTW', 'BE', 'CSE', '2014', 8000, 5000, 3000, '2016-05-21', '2016-05-21', 'Move to trash', 'file-sample1.jpg', 'file-884784281631541.jpg', 'file-113827080912987529340.jpg'),
	(120, 884784281631541, 'EAAT4vmqn0pMBAKOY2ZC95e695tGfJp15S18HyMR44OTAjkHgciTYvkxAx4XndJbD1GJjiy4KkywM33zHRLSZAcrguV5d1fthODMNm5bRPZAF5sdEI5EdchFXa2XpvNCgR9lcaZB3N6ReZBbRPF9klxKL39yM19QJSjXZBp3R69HgZDZD', '113827080912987529340', 'ya29.CjbnAhSxVtkpYBE8aH_DjMV0ESiIB4lPhGfnEjye4Bb_w', 'CBE001', 'Janani@1', 'user', 'Janani', NULL, 'M', 'csejananim@gmail.com', 'Janani Manoharan', NULL, NULL, 'csejananim@gmail.com', 'janani', NULL, 'm', 'csejananim@gmail.com', 9443887438, 'Dharmapuri', 'VCTW', 'BE', 'CSE', '2014', 8000, 5000, 3000, '2016-05-21', '2016-05-21', 'Move to trash', 'file-sample1.jpg', 'file-884784281631541.jpg', 'file-113827080912987529340.jpg'),
	(121, 884784281631541, 'EAAT4vmqn0pMBAKOY2ZC95e695tGfJp15S18HyMR44OTAjkHgciTYvkxAx4XndJbD1GJjiy4KkywM33zHRLSZAcrguV5d1fthODMNm5bRPZAF5sdEI5EdchFXa2XpvNCgR9lcaZB3N6ReZBbRPF9klxKL39yM19QJSjXZBp3R69HgZDZD', '113827080912987529340', 'ya29.CjbnAhSxVtkpYBE8aH_DjMV0ESiIB4lPhGfnEjye4Bb_w', 'CBE001', 'Janani@1', 'user', 'Janani', NULL, 'M', 'csejananim@gmail.com', 'Janani Manoharan', NULL, NULL, 'csejananim@gmail.com', 'janani', NULL, 'm', 'csejananim@gmail.com', 9443887438, 'Dharmapuri', 'VCTW', 'BE', 'CSE', '2014', 8000, 5000, 3000, '2016-05-21', '2016-05-21', 'Move to trash', 'file-sample1.jpg', 'file-884784281631541.jpg', 'file-113827080912987529340.jpg'),
	(122, 884784281631541, 'EAAT4vmqn0pMBAKOY2ZC95e695tGfJp15S18HyMR44OTAjkHgciTYvkxAx4XndJbD1GJjiy4KkywM33zHRLSZAcrguV5d1fthODMNm5bRPZAF5sdEI5EdchFXa2XpvNCgR9lcaZB3N6ReZBbRPF9klxKL39yM19QJSjXZBp3R69HgZDZD', '113827080912987529340', 'ya29.CjfpAqTv05PSuy9Xf0yLNC_MiBlJj48Bt2v3GGAGONJs-', 'CBE001', 'Janani@1', 'user', 'Janani', NULL, 'M', 'csejananim@gmail.com', 'Janani Manoharan', NULL, NULL, 'csejananim@gmail.com', 'janani', NULL, 'm', 'csejananim@gmail.com', 9443887438, 'Dharmapuri', 'VCTW', 'BE', 'CSE', '2014', 8000, 5000, 3000, '2016-05-21', '2016-05-21', 'Move to trash', 'file-sample1.jpg', 'file-884784281631541.jpg', 'file-113827080912987529340.jpg'),
	(123, 884784281631541, 'EAAT4vmqn0pMBAKOY2ZC95e695tGfJp15S18HyMR44OTAjkHgciTYvkxAx4XndJbD1GJjiy4KkywM33zHRLSZAcrguV5d1fthODMNm5bRPZAF5sdEI5EdchFXa2XpvNCgR9lcaZB3N6ReZBbRPF9klxKL39yM19QJSjXZBp3R69HgZDZD', '113827080912987529340', 'ya29.CjfpAqTv05PSuy9Xf0yLNC_MiBlJj48Bt2v3GGAGONJs-', 'CBE001', 'Janani@1', 'user', 'Janani', NULL, 'M', 'csejananim@gmail.com', 'Janani Manoharan', NULL, NULL, 'csejananim@gmail.com', 'janani', NULL, 'm', 'csejananim@gmail.com', 9443887438, 'Dharmapuri', 'VCTW', 'BE', 'CSE', '2014', 8000, 5000, 3000, '2016-05-21', '2016-05-23', 'Move to trash', 'file-sample1.jpg', 'file-884784281631541.jpg', 'file-113827080912987529340.jpg'),
	(124, 884784281631541, 'EAAT4vmqn0pMBAK3KONqvHMPW2TTFx2rAquGhOXem02ks1kyE78dn0HmZAElIg4tdZAVE8qCdrUBf0MvPtua63gJaWrV1cFcABVsyueozEfu7JFQ7U8SZCQSHPu4R45YoYs02UHjyKhopnJ736YwWovn1VgPmNswB3fvPelXegZDZD', '113827080912987529340', 'ya29.CjfpAqTv05PSuy9Xf0yLNC_MiBlJj48Bt2v3GGAGONJs-', 'CBE001', 'Janani@1', 'user', 'Janani', NULL, 'M', 'csejananim@gmail.com', 'Janani Manoharan', NULL, NULL, 'csejananim@gmail.com', 'janani', NULL, 'm', 'csejananim@gmail.com', 9443887438, 'Dharmapuri', 'VCTW', 'BE', 'CSE', '2014', 8000, 5000, 3000, '2016-05-23', '2016-05-23', 'Move to trash', 'file-sample1.jpg', 'file-884784281631541.jpg', 'file-113827080912987529340.jpg'),
	(125, 884784281631541, 'EAAT4vmqn0pMBAK3KONqvHMPW2TTFx2rAquGhOXem02ks1kyE78dn0HmZAElIg4tdZAVE8qCdrUBf0MvPtua63gJaWrV1cFcABVsyueozEfu7JFQ7U8SZCQSHPu4R45YoYs02UHjyKhopnJ736YwWovn1VgPmNswB3fvPelXegZDZD', '113827080912987529340', 'ya29.CjfpAqTv05PSuy9Xf0yLNC_MiBlJj48Bt2v3GGAGONJs-', 'CBE001', 'Janani@1', 'user', 'Janani', NULL, 'M', 'csejananim@gmail.com', 'Janani Manoharan', NULL, NULL, 'csejananim@gmail.com', 'janani', NULL, 'm', 'csejananim@gmail.com', 9443887438, 'Dharmapuri', 'VCTW', 'BE', 'CSE', '2014', 8000, 5000, 3000, '2016-05-23', '2016-05-23', 'Move to trash', 'file-sample1.jpg', 'file-884784281631541.jpg', 'file-113827080912987529340.jpg'),
	(126, 884784281631541, 'EAAT4vmqn0pMBAK3KONqvHMPW2TTFx2rAquGhOXem02ks1kyE78dn0HmZAElIg4tdZAVE8qCdrUBf0MvPtua63gJaWrV1cFcABVsyueozEfu7JFQ7U8SZCQSHPu4R45YoYs02UHjyKhopnJ736YwWovn1VgPmNswB3fvPelXegZDZD', '113827080912987529340', 'ya29.CjfrAqJ0DyZo6VRfvGm4crI_GCw4M5yzEbm1n8f-8XGDN', 'CBE001', 'Janani@1', 'user', 'Janani', NULL, 'M', 'csejananim@gmail.com', 'Janani Manoharan', NULL, NULL, 'csejananim@gmail.com', 'janani', NULL, 'm', 'csejananim@gmail.com', 9443887438, 'Dharmapuri', 'VCTW', 'BE', 'CSE', '2014', 8000, 5000, 3000, '2016-05-23', '2016-05-23', 'Move to trash', 'file-sample1.jpg', 'file-884784281631541.jpg', 'file-113827080912987529340.jpg'),
	(127, 884784281631541, 'EAAT4vmqn0pMBAK3KONqvHMPW2TTFx2rAquGhOXem02ks1kyE78dn0HmZAElIg4tdZAVE8qCdrUBf0MvPtua63gJaWrV1cFcABVsyueozEfu7JFQ7U8SZCQSHPu4R45YoYs02UHjyKhopnJ736YwWovn1VgPmNswB3fvPelXegZDZD', '113827080912987529340', 'ya29.CjfrAqJ0DyZo6VRfvGm4crI_GCw4M5yzEbm1n8f-8XGDN', 'CBE001', 'Janani@1', 'user', 'Janani', NULL, 'M', 'csejananim@gmail.com', 'Janani Manoharan', NULL, NULL, 'csejananim@gmail.com', 'janani', NULL, 'm', 'csejananim@gmail.com', 9443887438, 'Dharmapuri', 'VCTW', 'BE', 'CSE', '2014', 8000, 5000, 3000, '2016-05-23', '2016-05-25', 'Move to trash', 'file-sample1.jpg', 'file-884784281631541.jpg', 'file-113827080912987529340.jpg'),
	(128, 884784281631541, 'EAAT4vmqn0pMBAMZA20ZCVonHfi9se9Wv64Ww4Rz2qoIpzomGNjhX1Qn0CTOXmqKyNdgNFXAYXKvku6v9D1l5DS6eiduMcQB1hTM74MMmuMidjd1bx2f2YcPZCZB2lmZAXLHoEOEux3JDly02ip35iIE27582Q3mkZD', '113827080912987529340', 'ya29.CjfrAqJ0DyZo6VRfvGm4crI_GCw4M5yzEbm1n8f-8XGDN', 'CBE001', 'Janani@1', 'user', 'Janani', NULL, 'M', 'csejananim@gmail.com', 'Janani Manoharan', NULL, NULL, 'csejananim@gmail.com', 'janani', NULL, 'm', 'csejananim@gmail.com', 9443887438, 'Dharmapuri', 'VCTW', 'BE', 'CSE', '2014', 8000, 5000, 3000, '2016-05-25', '2016-05-25', 'Move to trash', 'file-sample1.jpg', 'file-884784281631541.jpg', 'file-113827080912987529340.jpg'),
	(129, 884784281631541, 'EAAT4vmqn0pMBABdXh6ZCxl8KqVIpzn5z13DlrUmib0fEBulkMiN2woloeAcxIBiBxFr1sIxEcorJHeZCgpk5mMtNGL7tqY1hYIHkeuf4h1TACjvn5ZAnXrfixIZCLOvh4CIVfLtaxnhkBZBHqI97oQTvzyKIZCNxEZD', '113827080912987529340', 'ya29.CjfrAqJ0DyZo6VRfvGm4crI_GCw4M5yzEbm1n8f-8XGDN', 'CBE001', 'Janani@1', 'user', 'Janani', NULL, 'M', 'csejananim@gmail.com', 'Janani Manoharan', NULL, NULL, 'csejananim@gmail.com', 'janani', NULL, 'm', 'csejananim@gmail.com', 9443887438, 'Dharmapuri', 'VCTW', 'BE', 'CSE', '2014', 8000, 5000, 3000, '2016-05-25', '2016-05-25', 'Move to trash', 'file-sample1.jpg', 'file-884784281631541.jpg', 'file-113827080912987529340.jpg'),
	(130, 884784281631541, 'EAAT4vmqn0pMBABdXh6ZCxl8KqVIpzn5z13DlrUmib0fEBulkMiN2woloeAcxIBiBxFr1sIxEcorJHeZCgpk5mMtNGL7tqY1hYIHkeuf4h1TACjvn5ZAnXrfixIZCLOvh4CIVfLtaxnhkBZBHqI97oQTvzyKIZCNxEZD', '113827080912987529340', 'ya29.CjfrAqJ0DyZo6VRfvGm4crI_GCw4M5yzEbm1n8f-8XGDN', 'CBE001', 'Janani@1', 'user', 'Janani', NULL, 'M', 'csejananim@gmail.com', 'Janani Manoharan', NULL, NULL, 'csejananim@gmail.com', 'janani', NULL, 'm', 'csejananim@gmail.com', 9443887438, 'Dharmapuri', 'VCTW', 'BE', 'CSE', '2014', 8000, 5000, 3000, '2016-05-25', '2016-05-25', 'Move to trash', 'file-sample1.jpg', 'file-884784281631541.jpg', 'file-113827080912987529340.jpg'),
	(131, 884784281631541, 'EAAT4vmqn0pMBADPf2AmTHINE68LYiZAFTA8NCfIlW27YXwxFDyLsjJXAommoBtjAfNxKNjadNRSJ0qlZCu4qTQ0VtwV6L2rDFZC7ofjE2fnr5WzMpqb84D3B1ZCZC7eC5yyqBN5V25TZCxmwka6lMNEZAEwELNZCBDUZD', '113827080912987529340', 'ya29.CjfrAqJ0DyZo6VRfvGm4crI_GCw4M5yzEbm1n8f-8XGDN', 'CBE001', 'Janani@1', 'user', 'Janani', NULL, 'M', 'csejananim@gmail.com', 'Janani Manoharan', NULL, NULL, 'csejananim@gmail.com', 'janani', NULL, 'm', 'csejananim@gmail.com', 9443887438, 'Dharmapuri', 'VCTW', 'BE', 'CSE', '2014', 8000, 5000, 3000, '2016-05-25', '2016-05-25', 'Move to trash', 'file-sample1.jpg', 'file-884784281631541.jpg', 'file-113827080912987529340.jpg'),
	(132, 884784281631541, 'EAAT4vmqn0pMBADPf2AmTHINE68LYiZAFTA8NCfIlW27YXwxFDyLsjJXAommoBtjAfNxKNjadNRSJ0qlZCu4qTQ0VtwV6L2rDFZC7ofjE2fnr5WzMpqb84D3B1ZCZC7eC5yyqBN5V25TZCxmwka6lMNEZAEwELNZCBDUZD', '113827080912987529340', 'ya29.CjfrAqJ0DyZo6VRfvGm4crI_GCw4M5yzEbm1n8f-8XGDN', 'CBE001', 'Janani@1', 'user', 'Janani', NULL, 'M', 'csejananim@gmail.com', 'Janani Manoharan', NULL, NULL, 'csejananim@gmail.com', 'janani', NULL, 'm', 'csejananim@gmail.com', 9443887438, 'Dharmapuri', 'VCTW', 'BE', 'CSE', '2014', 8000, 5000, 3000, '2016-05-25', '2016-05-25', 'Move to trash', 'file-sample1.jpg', 'file-884784281631541.jpg', 'file-113827080912987529340.jpg'),
	(133, 884784281631541, 'EAAT4vmqn0pMBAPs1TLiLCbmaoiZCmEpupnBuQ7RXqRLnPiDgL3zwVavyeLVWfPu703tiigoDLbWbc61L2d3pXGmmaZA7uPZAMNfPwKVbOZAu04X2rZC24fZBIpmmCpj26e9S0KNrbxHeURpLxl9e67xbice5N43TUZD', '113827080912987529340', 'ya29.CjfrAqJ0DyZo6VRfvGm4crI_GCw4M5yzEbm1n8f-8XGDN', 'CBE001', 'Janani@1', 'user', 'Janani', NULL, 'M', 'csejananim@gmail.com', 'Janani Manoharan', NULL, NULL, 'csejananim@gmail.com', 'janani', NULL, 'm', 'csejananim@gmail.com', 9443887438, 'Dharmapuri', 'VCTW', 'BE', 'CSE', '2014', 8000, 5000, 3000, '2016-05-25', '2016-05-25', 'Move to trash', 'file-sample1.jpg', 'file-884784281631541.jpg', 'file-113827080912987529340.jpg'),
	(134, 884784281631541, 'EAAT4vmqn0pMBAPs1TLiLCbmaoiZCmEpupnBuQ7RXqRLnPiDgL3zwVavyeLVWfPu703tiigoDLbWbc61L2d3pXGmmaZA7uPZAMNfPwKVbOZAu04X2rZC24fZBIpmmCpj26e9S0KNrbxHeURpLxl9e67xbice5N43TUZD', '113827080912987529340', 'ya29.CjfrAqJ0DyZo6VRfvGm4crI_GCw4M5yzEbm1n8f-8XGDN', 'CBE001', 'Janani@1', 'user', 'Janani', NULL, 'M', 'csejananim@gmail.com', 'Janani Manoharan', NULL, NULL, 'csejananim@gmail.com', 'janani', NULL, 'm', 'csejananim@gmail.com', 9443887438, 'Dharmapuri', 'VCTW', 'BE', 'CSE', '2014', 8000, 5000, 3000, '2016-05-25', '2016-05-25', 'Move to trash', 'file-sample1.jpg', 'file-884784281631541.jpg', 'file-113827080912987529340.jpg'),
	(135, 884784281631541, 'EAAT4vmqn0pMBAC5RZCc4K3RRmmGTGpyRHiBU4Eyz3BxJ5ZBnNZASQfJXlTjBs49G5uQPkDuZB5fTgz5lwheGWRBqX5cPrljEUHdRVB91t5m4ZBdQR16ZARbZAOZCSgUMdz2onRurSHxQ7XtKSX9Gs4J7ceYZC70G0ZAx8ZD', '113827080912987529340', 'ya29.CjfrAqJ0DyZo6VRfvGm4crI_GCw4M5yzEbm1n8f-8XGDN', 'CBE001', 'Janani@1', 'user', 'Janani', NULL, 'M', 'csejananim@gmail.com', 'Janani Manoharan', NULL, NULL, 'csejananim@gmail.com', 'janani', NULL, 'm', 'csejananim@gmail.com', 9443887438, 'Dharmapuri', 'VCTW', 'BE', 'CSE', '2014', 8000, 5000, 3000, '2016-05-25', '2016-05-25', 'Move to trash', 'file-sample1.jpg', 'file-884784281631541.jpg', 'file-113827080912987529340.jpg'),
	(136, 884784281631541, 'EAAT4vmqn0pMBAC5RZCc4K3RRmmGTGpyRHiBU4Eyz3BxJ5ZBnNZASQfJXlTjBs49G5uQPkDuZB5fTgz5lwheGWRBqX5cPrljEUHdRVB91t5m4ZBdQR16ZARbZAOZCSgUMdz2onRurSHxQ7XtKSX9Gs4J7ceYZC70G0ZAx8ZD', '113827080912987529340', 'ya29.CjfrAqJ0DyZo6VRfvGm4crI_GCw4M5yzEbm1n8f-8XGDN', 'CBE001', 'Janani@1', 'user', 'Janani', NULL, 'M', 'csejananim@gmail.com', 'Janani Manoharan', NULL, NULL, 'csejananim@gmail.com', 'janani', NULL, 'm', 'csejananim@gmail.com', 9443887438, 'Dharmapuri', 'VCTW', 'BE', 'CSE', '2014', 8000, 5000, 3000, '2016-05-25', '2016-05-25', 'Move to trash', 'file-sample1.jpg', 'file-884784281631541.jpg', 'file-113827080912987529340.jpg'),
	(137, 884784281631541, 'EAAT4vmqn0pMBAC5RZCc4K3RRmmGTGpyRHiBU4Eyz3BxJ5ZBnNZASQfJXlTjBs49G5uQPkDuZB5fTgz5lwheGWRBqX5cPrljEUHdRVB91t5m4ZBdQR16ZARbZAOZCSgUMdz2onRurSHxQ7XtKSX9Gs4J7ceYZC70G0ZAx8ZD', '113827080912987529340', 'ya29.CjftAnorfUXYC4jyoApojMFGE3eRWPQs4_p-8Ux8835Lo', 'CBE001', 'Janani@1', 'user', 'Janani', NULL, 'M', 'csejananim@gmail.com', 'Janani Manoharan', NULL, NULL, 'csejananim@gmail.com', 'janani', NULL, 'm', 'csejananim@gmail.com', 9443887438, 'Dharmapuri', 'VCTW', 'BE', 'CSE', '2014', 8000, 5000, 3000, '2016-05-25', '2016-05-25', 'Move to trash', 'file-sample1.jpg', 'file-884784281631541.jpg', 'file-113827080912987529340.jpg'),
	(138, 884784281631541, 'EAAT4vmqn0pMBAC5RZCc4K3RRmmGTGpyRHiBU4Eyz3BxJ5ZBnNZASQfJXlTjBs49G5uQPkDuZB5fTgz5lwheGWRBqX5cPrljEUHdRVB91t5m4ZBdQR16ZARbZAOZCSgUMdz2onRurSHxQ7XtKSX9Gs4J7ceYZC70G0ZAx8ZD', '113827080912987529340', 'ya29.CjftAnorfUXYC4jyoApojMFGE3eRWPQs4_p-8Ux8835Lo', 'CBE001', 'Janani@1', 'user', 'Janani', NULL, 'M', 'csejananim@gmail.com', 'Janani Manoharan', NULL, NULL, 'csejananim@gmail.com', 'janani', NULL, 'm', 'csejananim@gmail.com', 9443887438, 'Dharmapuri', 'VCTW', 'BE', 'CSE', '2014', 8000, 5000, 3000, '2016-05-25', '2016-05-25', 'Move to trash', 'file-sample1.jpg', 'file-884784281631541.jpg', 'file-113827080912987529340.jpg'),
	(139, 884784281631541, 'EAAT4vmqn0pMBAAbyaMDOCULSq6orOl67sKQzvubOt999CuQ1q3b0qTR7uvaUflKgMWztDgFD4tWQ6ZCFZCsuCAPC7jaRXrxeZBKwTidjZBuCdzbIuB5rWfy4Wee0vrR8taUKX05G1SPYAZBpXpHzlZBMA4akZAZBTCcZD', '113827080912987529340', 'ya29.CjftAnorfUXYC4jyoApojMFGE3eRWPQs4_p-8Ux8835Lo', 'CBE001', 'Janani@1', 'user', 'Janani', NULL, 'M', 'csejananim@gmail.com', 'Janani Manoharan', NULL, NULL, 'csejananim@gmail.com', 'janani', NULL, 'm', 'csejananim@gmail.com', 9443887438, 'Dharmapuri', 'VCTW', 'BE', 'CSE', '2014', 8000, 5000, 3000, '2016-05-25', '2016-05-25', 'Move to trash', 'file-sample1.jpg', 'file-884784281631541.jpg', 'file-113827080912987529340.jpg'),
	(140, 884784281631541, 'EAAT4vmqn0pMBAAbyaMDOCULSq6orOl67sKQzvubOt999CuQ1q3b0qTR7uvaUflKgMWztDgFD4tWQ6ZCFZCsuCAPC7jaRXrxeZBKwTidjZBuCdzbIuB5rWfy4Wee0vrR8taUKX05G1SPYAZBpXpHzlZBMA4akZAZBTCcZD', '113827080912987529340', 'ya29.CjftAnorfUXYC4jyoApojMFGE3eRWPQs4_p-8Ux8835Lo', 'CBE001', 'Janani@1', 'user', 'Janani', NULL, 'M', 'csejananim@gmail.com', 'Janani Manoharan', NULL, NULL, 'csejananim@gmail.com', 'janani', NULL, 'm', 'csejananim@gmail.com', 9443887438, 'Dharmapuri', 'VCTW', 'BE', 'CSE', '2014', 8000, 5000, 3000, '2016-05-25', '2016-05-25', 'Move to trash', 'file-sample1.jpg', 'file-884784281631541.jpg', 'file-113827080912987529340.jpg'),
	(141, 884784281631541, 'EAAT4vmqn0pMBABcmKPIWNoANCkehdKUelP0AQOInZBFXsMgH7RZBGoI8Rurd7BZAEXzxuFzhK5koY7M4Jc4PiZCLdJrw95lFDc2GEZAVhjaf6bXJrccoTdv7cUugNmAbX00l5CbZAhzH1yB9ZCS1sS0BIqmsAGUhjgZD', '113827080912987529340', 'ya29.CjftAnorfUXYC4jyoApojMFGE3eRWPQs4_p-8Ux8835Lo', 'CBE001', 'Janani@1', 'user', 'Janani', NULL, 'M', 'csejananim@gmail.com', 'Janani Manoharan', NULL, NULL, 'csejananim@gmail.com', 'janani', NULL, 'm', 'csejananim@gmail.com', 9443887438, 'Dharmapuri', 'VCTW', 'BE', 'CSE', '2014', 8000, 5000, 3000, '2016-05-25', '2016-05-25', 'Move to trash', 'file-sample1.jpg', 'file-884784281631541.jpg', 'file-113827080912987529340.jpg'),
	(142, 884784281631541, 'EAAT4vmqn0pMBABcmKPIWNoANCkehdKUelP0AQOInZBFXsMgH7RZBGoI8Rurd7BZAEXzxuFzhK5koY7M4Jc4PiZCLdJrw95lFDc2GEZAVhjaf6bXJrccoTdv7cUugNmAbX00l5CbZAhzH1yB9ZCS1sS0BIqmsAGUhjgZD', '113827080912987529340', 'ya29.CjftAnorfUXYC4jyoApojMFGE3eRWPQs4_p-8Ux8835Lo', 'CBE001', 'Janani@1', 'user', 'Janani', NULL, 'M', 'csejananim@gmail.com', 'Janani Manoharan', NULL, NULL, 'csejananim@gmail.com', 'janani', NULL, 'm', 'csejananim@gmail.com', 9443887438, 'Dharmapuri', 'VCTW', 'BE', 'CSE', '2014', 8000, 5000, 3000, '2016-05-25', '2016-05-25', 'Move to trash', 'file-sample1.jpg', 'file-884784281631541.jpg', 'file-113827080912987529340.jpg'),
	(143, 884784281631541, 'EAAT4vmqn0pMBABEKHWLcBcZCzu7Xr1D1nUEYuJr9192aGZCeedR1hipaAPbsXmSAYrBDIQBdqhepmLS949IDz3VLZA9CIKZCnlytfEDxYWhbOUWoZAKfS19YijW71OC7WGHiQQZCyJsXsMAHePr7ZAH8UXqoWBSM9UZD', '113827080912987529340', 'ya29.CjftAnorfUXYC4jyoApojMFGE3eRWPQs4_p-8Ux8835Lo', 'CBE001', 'Janani@1', 'user', 'Janani', NULL, 'M', 'csejananim@gmail.com', 'Janani Manoharan', NULL, NULL, 'csejananim@gmail.com', 'janani', NULL, 'm', 'csejananim@gmail.com', 9443887438, 'Dharmapuri', 'VCTW', 'BE', 'CSE', '2014', 8000, 5000, 3000, '2016-05-25', '2016-05-25', 'Move to trash', 'file-sample1.jpg', 'file-884784281631541.jpg', 'file-113827080912987529340.jpg'),
	(144, 884784281631541, 'EAAT4vmqn0pMBABEKHWLcBcZCzu7Xr1D1nUEYuJr9192aGZCeedR1hipaAPbsXmSAYrBDIQBdqhepmLS949IDz3VLZA9CIKZCnlytfEDxYWhbOUWoZAKfS19YijW71OC7WGHiQQZCyJsXsMAHePr7ZAH8UXqoWBSM9UZD', '113827080912987529340', 'ya29.CjftAnorfUXYC4jyoApojMFGE3eRWPQs4_p-8Ux8835Lo', 'CBE001', 'Janani@1', 'user', 'Janani', NULL, 'M', 'csejananim@gmail.com', 'Janani Manoharan', NULL, NULL, 'csejananim@gmail.com', 'janani', NULL, 'm', 'csejananim@gmail.com', 9443887438, 'Dharmapuri', 'VCTW', 'BE', 'CSE', '2014', 8000, 5000, 3000, '2016-05-25', '2016-05-25', 'Move to trash', 'file-sample1.jpg', 'file-884784281631541.jpg', 'file-113827080912987529340.jpg'),
	(145, 884784281631541, 'EAAT4vmqn0pMBAK5jUULjdxlpl5un7tY3rNWAkUWuPck0jFUyNZAP0kl4okeZARZADNj4So7OsObsRAx7cPXAZBRL6OmdXrH8gM1UbuQC5l6Y2zDCRbKpzbWlJXq0ZBmPHj9WGZAdgxRSQZBJMknQGZBfOeK7mHY632YZD', '113827080912987529340', 'ya29.CjftAnorfUXYC4jyoApojMFGE3eRWPQs4_p-8Ux8835Lo', 'CBE001', 'Janani@1', 'user', 'Janani', NULL, 'M', 'csejananim@gmail.com', 'Janani Manoharan', NULL, NULL, 'csejananim@gmail.com', 'janani', NULL, 'm', 'csejananim@gmail.com', 9443887438, 'Dharmapuri', 'VCTW', 'BE', 'CSE', '2014', 8000, 5000, 3000, '2016-05-25', '2016-05-25', 'Move to trash', 'file-sample1.jpg', 'file-884784281631541.jpg', 'file-113827080912987529340.jpg'),
	(146, 884784281631541, 'EAAT4vmqn0pMBAK5jUULjdxlpl5un7tY3rNWAkUWuPck0jFUyNZAP0kl4okeZARZADNj4So7OsObsRAx7cPXAZBRL6OmdXrH8gM1UbuQC5l6Y2zDCRbKpzbWlJXq0ZBmPHj9WGZAdgxRSQZBJMknQGZBfOeK7mHY632YZD', '113827080912987529340', 'ya29.CjftAnorfUXYC4jyoApojMFGE3eRWPQs4_p-8Ux8835Lo', 'CBE001', 'Janani@1', 'user', 'Janani', NULL, 'M', 'csejananim@gmail.com', 'Janani Manoharan', NULL, NULL, 'csejananim@gmail.com', 'janani', NULL, 'm', 'csejananim@gmail.com', 9443887438, 'Dharmapuri', 'VCTW', 'BE', 'CSE', '2014', 8000, 5000, 3000, '2016-05-25', '2016-05-25', 'Move to trash', 'file-sample1.jpg', 'file-884784281631541.jpg', 'file-113827080912987529340.jpg'),
	(147, 884784281631541, 'EAAT4vmqn0pMBADHx11EYuIJt8v9CKlCNQLIkB7drasC4uLDeaa2fNfXjSBKn3ST9RUhQT1Wr9rThRGs8uhyZA1mMxTINiqBvp4Cqktn3kaySKonrQHWaK69YabhLHsAsgtmZCVTYl9kaA5qAWwnmxNUZBgl55wZD', '113827080912987529340', 'ya29.CjftAnorfUXYC4jyoApojMFGE3eRWPQs4_p-8Ux8835Lo', 'CBE001', 'Janani@1', 'user', 'Janani', NULL, 'M', 'csejananim@gmail.com', 'Janani Manoharan', NULL, NULL, 'csejananim@gmail.com', 'janani', NULL, 'm', 'csejananim@gmail.com', 9443887438, 'Dharmapuri', 'VCTW', 'BE', 'CSE', '2014', 8000, 5000, 3000, '2016-05-25', '2016-05-25', 'Move to trash', 'file-sample1.jpg', 'file-884784281631541.jpg', 'file-113827080912987529340.jpg'),
	(148, 884784281631541, 'EAAT4vmqn0pMBADHx11EYuIJt8v9CKlCNQLIkB7drasC4uLDeaa2fNfXjSBKn3ST9RUhQT1Wr9rThRGs8uhyZA1mMxTINiqBvp4Cqktn3kaySKonrQHWaK69YabhLHsAsgtmZCVTYl9kaA5qAWwnmxNUZBgl55wZD', '113827080912987529340', 'ya29.CjftAnorfUXYC4jyoApojMFGE3eRWPQs4_p-8Ux8835Lo', 'CBE001', 'Janani@1', 'user', 'Janani', NULL, 'M', 'csejananim@gmail.com', 'Janani Manoharan', NULL, NULL, 'csejananim@gmail.com', 'janani', NULL, 'm', 'csejananim@gmail.com', 9443887438, 'Dharmapuri', 'VCTW', 'BE', 'CSE', '2014', 8000, 5000, 3000, '2016-05-25', '2016-05-25', 'Move to trash', 'file-sample1.jpg', 'file-884784281631541.jpg', 'file-113827080912987529340.jpg'),
	(149, 884784281631541, 'EAAT4vmqn0pMBAJYFUR5EWZCDZBoR0LAC1GCKNzd7bZBbkBfx4FxvCkBLyygxq5qc9BhcRrmCAPZA6ZCsGce9SznRkdann5ZBi5YHHvTx19DxoArRF1x4fYzaQMdzLD1haxTrjVFMO0Vub4qERXMFgVWU6VLQDr9jMZD', '113827080912987529340', 'ya29.CjftAnorfUXYC4jyoApojMFGE3eRWPQs4_p-8Ux8835Lo', 'CBE001', 'Janani@1', 'user', 'Janani', NULL, 'M', 'csejananim@gmail.com', 'Janani Manoharan', NULL, NULL, 'csejananim@gmail.com', 'janani', NULL, 'm', 'csejananim@gmail.com', 9443887438, 'Dharmapuri', 'VCTW', 'BE', 'CSE', '2014', 8000, 5000, 3000, '2016-05-25', '2016-05-25', 'Move to trash', 'file-sample1.jpg', 'file-884784281631541.jpg', 'file-113827080912987529340.jpg'),
	(150, 884784281631541, 'EAAT4vmqn0pMBAJYFUR5EWZCDZBoR0LAC1GCKNzd7bZBbkBfx4FxvCkBLyygxq5qc9BhcRrmCAPZA6ZCsGce9SznRkdann5ZBi5YHHvTx19DxoArRF1x4fYzaQMdzLD1haxTrjVFMO0Vub4qERXMFgVWU6VLQDr9jMZD', '113827080912987529340', 'ya29.CjftAnorfUXYC4jyoApojMFGE3eRWPQs4_p-8Ux8835Lo', 'CBE001', 'Janani@1', 'user', 'Janani', NULL, 'M', 'csejananim@gmail.com', 'Janani Manoharan', NULL, NULL, 'csejananim@gmail.com', 'janani', NULL, 'm', 'csejananim@gmail.com', 9443887438, 'Dharmapuri', 'VCTW', 'BE', 'CSE', '2014', 8000, 5000, 3000, '2016-05-25', '2016-05-25', 'Move to trash', 'file-sample1.jpg', 'file-884784281631541.jpg', 'file-113827080912987529340.jpg'),
	(151, 884784281631541, 'EAAT4vmqn0pMBAPRiPzgUeWKlkksPJZAXqcwjhFcA80SAITxlZBNfysZCStceRpTtbvTiR7UYaWxwLOWEjYBHLfwqSJ0XDM17GBYiFE6ocmlFf4XZB5GnL4fonZB5CMLSIsFAZBBK1zJohRoVCzdE8XJbl0PLA41YAZD', '113827080912987529340', 'ya29.CjftAnorfUXYC4jyoApojMFGE3eRWPQs4_p-8Ux8835Lo', 'CBE001', 'Janani@1', 'user', 'Janani', NULL, 'M', 'csejananim@gmail.com', 'Janani Manoharan', NULL, NULL, 'csejananim@gmail.com', 'janani', NULL, 'm', 'csejananim@gmail.com', 9443887438, 'Dharmapuri', 'VCTW', 'BE', 'CSE', '2014', 8000, 5000, 3000, '2016-05-25', '2016-05-25', 'Move to trash', 'file-sample1.jpg', 'file-884784281631541.jpg', 'file-113827080912987529340.jpg'),
	(152, 884784281631541, 'EAAT4vmqn0pMBAPRiPzgUeWKlkksPJZAXqcwjhFcA80SAITxlZBNfysZCStceRpTtbvTiR7UYaWxwLOWEjYBHLfwqSJ0XDM17GBYiFE6ocmlFf4XZB5GnL4fonZB5CMLSIsFAZBBK1zJohRoVCzdE8XJbl0PLA41YAZD', '113827080912987529340', 'ya29.CjftAnorfUXYC4jyoApojMFGE3eRWPQs4_p-8Ux8835Lo', 'CBE001', 'Janani@1', 'user', 'Janani', NULL, 'M', 'csejananim@gmail.com', 'Janani Manoharan', NULL, NULL, 'csejananim@gmail.com', 'janani', NULL, 'm', 'csejananim@gmail.com', 9443887438, 'Dharmapuri', 'VCTW', 'BE', 'CSE', '2014', 8000, 5000, 3000, '2016-05-25', '2016-05-25', 'Move to trash', 'file-sample1.jpg', 'file-884784281631541.jpg', 'file-113827080912987529340.jpg'),
	(153, 884784281631541, 'EAAT4vmqn0pMBAKITulmsR47853G1ojTvyZAseven0OR8auzlDZCkllTZBZCgoTXjWKJmEuqq4FkKJ4HAunpUYoZAqbXWmSG89j2KGv1Sbj6UoIuwCIHn3sok6GMuaJdshwURAienPZBZCE6lYyawpFhu1zZBcGAQkZBgZD', '113827080912987529340', 'ya29.CjftAnorfUXYC4jyoApojMFGE3eRWPQs4_p-8Ux8835Lo', 'CBE001', 'Janani@1', 'user', 'Janani', NULL, 'M', 'csejananim@gmail.com', 'Janani Manoharan', NULL, NULL, 'csejananim@gmail.com', 'janani', NULL, 'm', 'csejananim@gmail.com', 9443887438, 'Dharmapuri', 'VCTW', 'BE', 'CSE', '2014', 8000, 5000, 3000, '2016-05-25', '2016-05-25', 'Move to trash', 'file-sample1.jpg', 'file-884784281631541.jpg', 'file-113827080912987529340.jpg'),
	(154, 884784281631541, 'EAAT4vmqn0pMBAKITulmsR47853G1ojTvyZAseven0OR8auzlDZCkllTZBZCgoTXjWKJmEuqq4FkKJ4HAunpUYoZAqbXWmSG89j2KGv1Sbj6UoIuwCIHn3sok6GMuaJdshwURAienPZBZCE6lYyawpFhu1zZBcGAQkZBgZD', '113827080912987529340', 'ya29.CjftAnorfUXYC4jyoApojMFGE3eRWPQs4_p-8Ux8835Lo', 'CBE001', 'Janani@1', 'user', 'Janani', NULL, 'M', 'csejananim@gmail.com', 'Janani Manoharan', NULL, NULL, 'csejananim@gmail.com', 'janani', NULL, 'm', 'csejananim@gmail.com', 9443887438, 'Dharmapuri', 'VCTW', 'BE', 'CSE', '2014', 8000, 5000, 3000, '2016-05-25', '2016-05-25', 'Move to trash', 'file-sample1.jpg', 'file-884784281631541.jpg', 'file-113827080912987529340.jpg'),
	(155, 884784281631541, 'EAAT4vmqn0pMBADGTTC9NFe5n2ZBX0DyJ3zxeumxbwBNkp4FwFN7kPPV4knQEb7zXcTxgd7BMLUlAMZBaVdqi2QN5Q0S8gKdVhfhZAMGbfZBSLsflTVKnrlZCbuB5k5n46wBMNrk3SUGiWyVy8Ylr2J56hw83S4IEZD', '113827080912987529340', 'ya29.CjftAnorfUXYC4jyoApojMFGE3eRWPQs4_p-8Ux8835Lo', 'CBE001', 'Janani@1', 'user', 'Janani', NULL, 'M', 'csejananim@gmail.com', 'Janani Manoharan', NULL, NULL, 'csejananim@gmail.com', 'janani', NULL, 'm', 'csejananim@gmail.com', 9443887438, 'Dharmapuri', 'VCTW', 'BE', 'CSE', '2014', 8000, 5000, 3000, '2016-05-25', '2016-05-25', 'Move to trash', 'file-sample1.jpg', 'file-884784281631541.jpg', 'file-113827080912987529340.jpg'),
	(156, 884784281631541, 'EAAT4vmqn0pMBADGTTC9NFe5n2ZBX0DyJ3zxeumxbwBNkp4FwFN7kPPV4knQEb7zXcTxgd7BMLUlAMZBaVdqi2QN5Q0S8gKdVhfhZAMGbfZBSLsflTVKnrlZCbuB5k5n46wBMNrk3SUGiWyVy8Ylr2J56hw83S4IEZD', '113827080912987529340', 'ya29.CjftAnorfUXYC4jyoApojMFGE3eRWPQs4_p-8Ux8835Lo', 'CBE001', 'Janani@1', 'user', 'Janani', NULL, 'M', 'csejananim@gmail.com', 'Janani Manoharan', NULL, NULL, 'csejananim@gmail.com', 'janani', NULL, 'm', 'csejananim@gmail.com', 9443887438, 'Dharmapuri', 'VCTW', 'BE', 'CSE', '2014', 8000, 5000, 3000, '2016-05-25', '2016-05-25', 'Move to trash', 'file-sample1.jpg', 'file-884784281631541.jpg', 'file-113827080912987529340.jpg'),
	(157, 884784281631541, 'EAAT4vmqn0pMBAAnYEAtVTfoezYVi1xLXCZAyBtCGWIVNBNZAZCcn0xF3yb3OZBcbrXWSaintWWZBaZAMGBedP302dPfOU2foAV74lZBea0vJxxyVJY0LBr0CpCc9WLw9rBCmQ6YK1zJZCvzMr4rI4U4LWwVmZA6wjZBNkZD', '113827080912987529340', 'ya29.CjftAnorfUXYC4jyoApojMFGE3eRWPQs4_p-8Ux8835Lo', 'CBE001', 'Janani@1', 'user', 'Janani', NULL, 'M', 'csejananim@gmail.com', 'Janani Manoharan', NULL, NULL, 'csejananim@gmail.com', 'janani', NULL, 'm', 'csejananim@gmail.com', 9443887438, 'Dharmapuri', 'VCTW', 'BE', 'CSE', '2014', 8000, 5000, 3000, '2016-05-25', '2016-05-25', 'Move to trash', 'file-sample1.jpg', 'file-884784281631541.jpg', 'file-113827080912987529340.jpg'),
	(158, 884784281631541, 'EAAT4vmqn0pMBAAnYEAtVTfoezYVi1xLXCZAyBtCGWIVNBNZAZCcn0xF3yb3OZBcbrXWSaintWWZBaZAMGBedP302dPfOU2foAV74lZBea0vJxxyVJY0LBr0CpCc9WLw9rBCmQ6YK1zJZCvzMr4rI4U4LWwVmZA6wjZBNkZD', '113827080912987529340', 'ya29.CjftAnorfUXYC4jyoApojMFGE3eRWPQs4_p-8Ux8835Lo', 'CBE001', 'Janani@1', 'user', 'Janani', NULL, 'M', 'csejananim@gmail.com', 'Janani Manoharan', NULL, NULL, 'csejananim@gmail.com', 'janani', NULL, 'm', 'csejananim@gmail.com', 9443887438, 'Dharmapuri', 'VCTW', 'BE', 'CSE', '2014', 8000, 5000, 3000, '2016-05-25', '2016-05-25', 'Move to trash', 'file-sample1.jpg', 'file-884784281631541.jpg', 'file-113827080912987529340.jpg'),
	(159, 884784281631541, 'EAAT4vmqn0pMBAKP8GliwNv3Paf9OseYICGDRWZCwKZAdD5QQrF36ZCgKWHhlKudyp1rvaGNOKUEif5h03e0vMq8A9PKjutyrh2IPvP0UZBF9MPXeOjGLLcgjdbUGNfFssSFJIPsclEZAbWQHk3Fb7mV3DmbqdlOcZD', '113827080912987529340', 'ya29.CjftAnorfUXYC4jyoApojMFGE3eRWPQs4_p-8Ux8835Lo', 'CBE001', 'Janani@1', 'user', 'Janani', NULL, 'M', 'csejananim@gmail.com', 'Janani Manoharan', NULL, NULL, 'csejananim@gmail.com', 'janani', NULL, 'm', 'csejananim@gmail.com', 9443887438, 'Dharmapuri', 'VCTW', 'BE', 'CSE', '2014', 8000, 5000, 3000, '2016-05-25', '2016-05-25', 'Move to trash', 'file-sample1.jpg', 'file-884784281631541.jpg', 'file-113827080912987529340.jpg'),
	(160, 884784281631541, 'EAAT4vmqn0pMBAKP8GliwNv3Paf9OseYICGDRWZCwKZAdD5QQrF36ZCgKWHhlKudyp1rvaGNOKUEif5h03e0vMq8A9PKjutyrh2IPvP0UZBF9MPXeOjGLLcgjdbUGNfFssSFJIPsclEZAbWQHk3Fb7mV3DmbqdlOcZD', '113827080912987529340', 'ya29.CjftAnorfUXYC4jyoApojMFGE3eRWPQs4_p-8Ux8835Lo', 'CBE001', 'Janani@1', 'user', 'Janani', NULL, 'M', 'csejananim@gmail.com', 'Janani Manoharan', NULL, NULL, 'csejananim@gmail.com', 'janani', NULL, 'm', 'csejananim@gmail.com', 9443887438, 'Dharmapuri', 'VCTW', 'BE', 'CSE', '2014', 8000, 5000, 3000, '2016-05-25', NULL, 'active', 'file-sample1.jpg', 'file-884784281631541.jpg', 'file-113827080912987529340.jpg');
/*!40000 ALTER TABLE `personaldata` ENABLE KEYS */;


-- Dumping structure for table personalinfo.question
CREATE TABLE IF NOT EXISTS `question` (
  `qusId` int(11) NOT NULL AUTO_INCREMENT,
  `Question` varchar(500) NOT NULL DEFAULT '0',
  `Dates` datetime NOT NULL,
  `Explation` varchar(500) NOT NULL,
  `Type` varchar(20) NOT NULL,
  `userid` varchar(20) NOT NULL,
  PRIMARY KEY (`qusId`)
) ENGINE=InnoDB AUTO_INCREMENT=49 DEFAULT CHARSET=latin1;

-- Dumping data for table personalinfo.question: ~19 rows (approximately)
DELETE FROM `question`;
/*!40000 ALTER TABLE `question` DISABLE KEYS */;
INSERT INTO `question` (`qusId`, `Question`, `Dates`, `Explation`, `Type`, `userid`) VALUES
	(1, 'What is Node js?', '2016-05-02 00:00:00', 'When viewing on anything larger than 768px wide, there is no difference', 'General', ''),
	(2, 'What is Directives?', '2016-05-02 00:00:00', 'When viewing on anything larger than 768px wide, there is no difference', 'General', ''),
	(3, 'What is Controller?', '2016-05-04 00:00:00', 'When viewing on anything larger than 768px wide, there is no difference', 'General', ''),
	(4, 'What is Modules?', '2016-05-04 00:00:00', 'When viewing on anything larger than 768px wide, there is no difference', 'Artical', ''),
	(5, 'What is Ng-repeat use?', '2016-05-04 00:00:00', 'When viewing on anything larger than 768px wide, there is no difference', 'news List', ''),
	(6, 'What is Array?', '2016-05-02 00:00:00', 'When viewing on anything larger than 768px wide, there is no difference', 'Artical', ''),
	(10, 'what is Objects?', '0000-00-00 00:00:00', 'angular main parts used in key value pair types.', 'General', ''),
	(11, 'what is API?', '2016-05-05 16:08:29', 'API  one of interact parts.', 'Artical', ''),
	(37, 'What is mocha?', '2016-05-06 16:23:20', 'Unit test used Mocha.', 'General', ''),
	(38, 'What is mocha?', '2016-05-07 11:50:33', 'hi', 'General', ''),
	(39, 'What is mocha?', '2016-05-07 11:50:47', 'hi', 'General', ''),
	(40, 'What is mocha?', '2016-05-07 12:14:16', 'hi', 'General', ''),
	(41, 'cvb', '2016-05-26 17:36:34', 'vcbcbcbcbcbcbcbcb', 'General', ''),
	(42, 'sda', '2016-05-26 17:40:25', 'dsads', 'General', ''),
	(43, 'mohan', '2016-05-26 17:41:58', 'hi', 'General', ''),
	(44, 'zxZ', '2016-05-26 17:45:23', 'zxxzx', 'General', ''),
	(45, 'mohan2', '2016-05-26 17:51:57', 'dzfxcv', 'General', '160'),
	(46, 'mohan2', '2016-05-26 17:51:58', 'dzfxcv', 'General', '160'),
	(47, 'mohan2', '2016-05-26 17:52:21', 'dzfxcv', 'General', '160'),
	(48, 'dsfsf', '2016-05-26 17:59:10', 'dsfffff', 'News List', 'CBE001');
/*!40000 ALTER TABLE `question` ENABLE KEYS */;


-- Dumping structure for table personalinfo.rating
CREATE TABLE IF NOT EXISTS `rating` (
  `qusId` int(11) NOT NULL,
  `Rating` int(11) NOT NULL
) ENGINE=InnoDB DEFAULT CHARSET=latin1;

-- Dumping data for table personalinfo.rating: ~65 rows (approximately)
DELETE FROM `rating`;
/*!40000 ALTER TABLE `rating` DISABLE KEYS */;
INSERT INTO `rating` (`qusId`, `Rating`) VALUES
	(6, 1),
	(6, 3),
	(6, 5),
	(5, 2),
	(2, 3),
	(2, 5),
	(2, 2),
	(2, 4),
	(2, 5),
	(6, 2),
	(6, 4),
	(6, 5),
	(6, 4),
	(6, 2),
	(6, 3),
	(6, 2),
	(6, 2),
	(6, 2),
	(6, 1),
	(6, 2),
	(6, 4),
	(10, 2),
	(10, 3),
	(10, 4),
	(10, 5),
	(1, 4),
	(1, 4),
	(1, 4),
	(1, 4),
	(1, 4),
	(1, 4),
	(1, 4),
	(1, 4),
	(1, 4),
	(1, 4),
	(1, 4),
	(1, 4),
	(1, 4),
	(1, 4),
	(1, 4),
	(1, 4),
	(1, 4),
	(1, 4),
	(1, 4),
	(1, 4),
	(1, 4),
	(1, 4),
	(1, 4),
	(1, 4),
	(1, 4),
	(1, 4),
	(37, 1),
	(37, 2),
	(37, 3),
	(37, 4),
	(11, 1),
	(11, 2),
	(11, 3),
	(37, 2),
	(1, 4),
	(1, 4),
	(1, 4),
	(40, 1),
	(40, 2),
	(40, 3),
	(11, 3),
	(11, 4),
	(11, 4),
	(11, 5),
	(11, 4),
	(11, 5),
	(11, 4),
	(11, 5);
/*!40000 ALTER TABLE `rating` ENABLE KEYS */;


-- Dumping structure for table personalinfo.tbl_department
CREATE TABLE IF NOT EXISTS `tbl_department` (
  `DEP_ID` int(11) NOT NULL AUTO_INCREMENT,
  `DEP_NAME` varchar(50) COLLATE latin1_general_ci DEFAULT NULL,
  PRIMARY KEY (`DEP_ID`)
) ENGINE=MyISAM AUTO_INCREMENT=5 DEFAULT CHARSET=latin1 COLLATE=latin1_general_ci;

-- Dumping data for table personalinfo.tbl_department: 4 rows
DELETE FROM `tbl_department`;
/*!40000 ALTER TABLE `tbl_department` DISABLE KEYS */;
INSERT INTO `tbl_department` (`DEP_ID`, `DEP_NAME`) VALUES
	(1, 'COMPUTER SCIENCE'),
	(2, 'CIVIL'),
	(3, 'MECH'),
	(4, 'ELECTRONIC');
/*!40000 ALTER TABLE `tbl_department` ENABLE KEYS */;


-- Dumping structure for table personalinfo.tbl_documents
CREATE TABLE IF NOT EXISTS `tbl_documents` (
  `ID` int(11) NOT NULL AUTO_INCREMENT,
  `DOC_CAPTION` varchar(100) COLLATE latin1_general_ci DEFAULT NULL,
  `DOC_TYPE` int(11) DEFAULT NULL,
  `DOC_DEP` int(11) DEFAULT NULL,
  `DOC_KEY` varchar(100) COLLATE latin1_general_ci DEFAULT NULL,
  `DOC_DESC` varchar(250) COLLATE latin1_general_ci DEFAULT NULL,
  `DOC_DATE` datetime DEFAULT NULL,
  `DOC_FILE` varchar(100) COLLATE latin1_general_ci DEFAULT NULL,
  `DOC_NO_VIEWS` int(11) DEFAULT '0',
  `DOC_NO_DOWN` int(11) DEFAULT '0',
  PRIMARY KEY (`ID`)
) ENGINE=MyISAM AUTO_INCREMENT=518 DEFAULT CHARSET=latin1 COLLATE=latin1_general_ci;

-- Dumping data for table personalinfo.tbl_documents: 8 rows
DELETE FROM `tbl_documents`;
/*!40000 ALTER TABLE `tbl_documents` DISABLE KEYS */;
INSERT INTO `tbl_documents` (`ID`, `DOC_CAPTION`, `DOC_TYPE`, `DOC_DEP`, `DOC_KEY`, `DOC_DESC`, `DOC_DATE`, `DOC_FILE`, `DOC_NO_VIEWS`, `DOC_NO_DOWN`) VALUES
	(514, 'TEST1', 2, 2, 'C,C++', 'TEST DESC', '0000-00-00 00:00:00', 'TEST.MP3', 2, 1),
	(510, 'sample video', 6, 3, 'mechanichal', 'this is the mechanichal project', '2016-04-29 05:01:02', 'AngularJS Fundamentals In 60-ish Minutes.mp4', 22, 1),
	(509, 'supervision of construction', 2, 2, 'civil', 'this is civil project', '2016-04-29 04:59:47', '196 (8).docx', 111, 0),
	(508, 'cloud project', 1, 1, 'java,node js', 'this is written in node js', '2016-04-29 04:58:50', '210 (2).pdf', 13, 0),
	(507, 'image file', 4, 1, 'c,c++,java', 'this is the sample image', '2016-04-29 04:58:08', 'Gallery.png', 12, 0),
	(506, 'sample archive', 5, 1, 'sample darta', 'jhhsgfhg', '2016-04-29 03:57:10', 'angular-album-master.zip', 38, 1),
	(516, 'Test Document', 1, 4, 'LDAP,\r\nNICLDAP,\r\nE-OFFICE,\r\nDiarisation', 'Description about electronic Office', '2016-05-11 12:44:56', 'E-Office+Benefits+and+Features.pdf', 4, 1),
	(517, 'Document1', 2, 1, 'Java,python', 'Simple Test', '2016-05-13 10:15:12', 'CCS_Sasi.docx', 1, 0);
/*!40000 ALTER TABLE `tbl_documents` ENABLE KEYS */;


-- Dumping structure for table personalinfo.tbl_doc_stars
CREATE TABLE IF NOT EXISTS `tbl_doc_stars` (
  `ID` int(11) NOT NULL AUTO_INCREMENT,
  `DOC_ID` int(11) NOT NULL,
  `STARS` int(11) DEFAULT NULL,
  `USER_ID` int(11) DEFAULT NULL,
  `STAR_DATE` date DEFAULT NULL,
  PRIMARY KEY (`ID`)
) ENGINE=MyISAM AUTO_INCREMENT=40 DEFAULT CHARSET=latin1 COLLATE=latin1_general_ci;

-- Dumping data for table personalinfo.tbl_doc_stars: 39 rows
DELETE FROM `tbl_doc_stars`;
/*!40000 ALTER TABLE `tbl_doc_stars` DISABLE KEYS */;
INSERT INTO `tbl_doc_stars` (`ID`, `DOC_ID`, `STARS`, `USER_ID`, `STAR_DATE`) VALUES
	(1, 194, 4, 1, '2016-04-25'),
	(2, 194, 3, 1, '2016-04-25'),
	(3, 196, 3, 1, '2016-04-25'),
	(4, 194, 4, 2, '2016-04-25'),
	(5, 196, 4, 2, '2016-04-25'),
	(6, 210, 1, 1, '2016-04-25'),
	(7, 211, 2, 2, '2016-04-25'),
	(8, 195, 1, 1, '2016-04-25'),
	(9, 219, 1, 2, '2016-04-25'),
	(10, 220, 3, 2, '2016-04-25'),
	(11, 221, 2, 2, '2016-04-25'),
	(12, 196, 4, 1, '2016-04-25'),
	(13, 223, 3, 1, '2016-04-25'),
	(14, 211, 3, 1, '2016-04-25'),
	(15, 219, 3, 1, '2016-04-25'),
	(16, 196, 4, 1, '2016-04-28'),
	(17, 196, 4, 1, '2016-04-28'),
	(18, 196, 4, 1, '2016-04-28'),
	(19, 196, 5, 1, '2016-04-28'),
	(20, 196, 3, 1, '2016-04-28'),
	(21, 196, 5, 1, '2016-04-28'),
	(22, 481, 3, 1, '2016-04-29'),
	(23, 481, 2, 1, '2016-04-29'),
	(24, 481, 5, 1, '2016-04-29'),
	(25, 506, 2, 1, '2016-04-29'),
	(26, 506, 3, 1, '2016-04-29'),
	(27, 507, 3, 1, '2016-04-29'),
	(28, 510, 3, 1, '2016-04-29'),
	(29, 509, 3, 1, '2016-05-02'),
	(30, 509, 4, 1, '2016-05-02'),
	(31, 509, 4, 1, '2016-05-02'),
	(32, 506, 3, 1, '2016-05-02'),
	(33, 509, 4, 1, '2016-05-02'),
	(34, 509, 4, 1, '2016-05-02'),
	(35, 509, 4, 1, '2016-05-02'),
	(36, 509, 4, 1, '2016-05-02'),
	(37, 509, 4, 1, '2016-05-02'),
	(38, 509, 5, 1, '2016-05-02'),
	(39, 510, 4, 1, '2016-05-02');
/*!40000 ALTER TABLE `tbl_doc_stars` ENABLE KEYS */;
/*!40101 SET SQL_MODE=IFNULL(@OLD_SQL_MODE, '') */;
/*!40014 SET FOREIGN_KEY_CHECKS=IF(@OLD_FOREIGN_KEY_CHECKS IS NULL, 1, @OLD_FOREIGN_KEY_CHECKS) */;
/*!40101 SET CHARACTER_SET_CLIENT=@OLD_CHARACTER_SET_CLIENT */;
